CustomerID,Age,Gender,Tenure,Usage Frequency,Support Calls,Payment Delay,Subscription Type,Contract Length,Total Spend,Last Interaction,Churn
1,24.377035,Male,26.901384,8.190394,1.3387578,17.008966,Premium,Quarterly,681.8356,22.317713,0
2,35.724434,Male,43.150406,21.025301,1.3327355,7.1260247,Standard,Annual,809.30756,10.802647,0
3,46.071774,Male,47.472843,14.255197,3.9551945,12.744383,Basic,Annual,609.70374,23.102015,0
4,49.42041,Female,42.648945,13.327564,2.0226254,12.489157,Basic,Quarterly,579.0232,6.3999276,0
5,45.365894,Male,41.802235,17.552608,7.7727957,14.218254,Basic,Annual,340.67435,17.302275,0
6,50.61239,Male,29.835114,20.666887,0.90383005,19.657051,Premium,Quarterly,402.7725,11.562847,0
7,42.896507,Male,44.86168,13.207969,1.431315,10.205786,Premium,Quarterly,685.12024,8.878926,0
8,25.713194,Male,32.45642,19.631617,2.3332798,23.753458,Standard,Monthly,264.40552,22.418581,0
9,31.713352,Female,18.513426,23.255932,4.6325355,12.367424,Standard,Annual,802.5995,7.9997582,0
10,46.781002,Female,26.933672,24.702785,5.7158785,8.017692,Standard,Annual,727.96924,5.3999352,0
11,35.709995,Male,35.836655,7.368591,1.761035,8.390764,Premium,Quarterly,696.2741,17.715456,0
12,51.792374,Male,40.01692,6.2084575,4.1360474,11.169277,Basic,Annual,438.3212,25.859169,0
13,39.285923,Female,16.4418,15.419679,2.1401432,15.067305,Standard,Quarterly,608.6891,5.1247067,0
14,41.689445,Female,33.874283,21.05225,2.4382572,8.2173605,Standard,Annual,701.89685,6.1152024,0
15,30.29596,Male,14.413931,10.287783,2.9952753,6.8789144,Standard,Quarterly,302.68506,11.169792,0
16,37.040016,Female,48.680378,6.9227433,7.574247,23.303219,Premium,Annual,599.0992,9.997826,0
17,26.980062,Male,26.413328,18.925537,0.7892051,16.283981,Standard,Quarterly,800.19995,13.724745,0
18,29.397625,Male,10.187307,22.329762,7.7888594,25.294283,Standard,Quarterly,254.12337,12.393603,0
19,52.69041,Female,22.093512,22.565165,5.981199,9.522008,Standard,Annual,845.4095,7.546583,0
20,33.719604,Male,48.537254,11.156047,1.1334224,9.186804,Premium,Quarterly,654.0685,8.654544,0
21,47.871185,Male,22.618708,12.729095,3.3400538,21.70184,Premium,Quarterly,727.71234,15.297814,0
22,26.936869,Female,19.330912,9.375625,0.95500326,4.4430127,Standard,Quarterly,857.8931,6.7130575,0
23,33.827473,Male,41.605255,17.835953,2.3436842,17.463911,Standard,Quarterly,799.6865,12.63916,0
24,36.031384,Male,32.929295,12.313142,1.5921547,6.4099665,Premium,Quarterly,690.7482,8.225113,0
25,37.37557,Male,18.379623,13.213553,1.3187051,16.393835,Standard,Quarterly,864.88544,8.919524,0
26,53.63662,Female,36.215954,23.114893,6.1999474,16.916481,Basic,Annual,338.56635,10.128984,0
27,57.32218,Female,38.704845,21.7021,6.639904,25.24315,Basic,Quarterly,597.82935,9.106431,0
28,24.255203,Male,41.713463,26.695425,0.39326784,11.324141,Standard,Annual,743.5131,11.981806,0
29,31.795944,Female,36.32742,8.584999,4.5501804,13.084334,Basic,Annual,393.8806,7.905018,0
30,31.867653,Male,19.803284,24.305996,2.6124442,10.5366955,Standard,Annual,559.2518,24.580654,0
31,29.770708,Male,11.757132,10.785105,3.7573497,20.74687,Standard,Quarterly,329.7664,14.882401,0
32,26.594536,Male,21.376348,19.364767,7.1561656,21.42207,Standard,Quarterly,354.8316,20.698147,0
33,31.068792,Female,39.451637,12.4937,1.2305038,8.269599,Standard,Quarterly,871.63696,6.075772,0
34,54.04696,Male,25.111965,26.387276,1.7637401,21.121136,Basic,Quarterly,398.13498,15.047198,0
35,38.10449,Male,16.468657,24.79968,1.8813257,6.913416,Standard,Annual,719.7016,9.980805,0
36,24.24551,Male,37.14047,16.332272,8.909485,12.433922,Basic,Annual,627.6076,19.155317,0
37,39.25159,Male,24.783667,10.507049,1.7703557,5.5391374,Premium,Quarterly,758.1704,10.078884,0
38,44.997147,Male,42.317635,7.8698254,2.2328086,21.15552,Basic,Quarterly,321.05615,11.771104,0
39,39.16267,Male,35.571144,7.574887,1.5717647,9.818853,Standard,Quarterly,762.1113,7.972488,0
40,38.08976,Male,15.544345,13.585782,1.3488183,9.016719,Premium,Quarterly,715.82904,8.365282,0
41,26.030886,Male,45.441082,15.74725,1.0215201,9.593225,Standard,Quarterly,743.17017,12.332399,0
42,27.606054,Male,36.664448,8.202444,6.8008933,16.01772,Basic,Annual,631.7578,22.879873,0
43,38.56822,Male,8.955894,20.554234,2.3734226,6.4362307,Premium,Quarterly,729.7915,10.896773,0
44,51.016953,Male,27.253714,18.298664,5.147734,22.728382,Basic,Quarterly,599.96936,22.478106,0
45,27.749882,Male,34.733456,21.185156,1.7254907,24.069794,Basic,Monthly,289.07153,24.634102,0
46,30.205008,Male,20.0107,19.844887,1.4094601,7.762577,Standard,Quarterly,854.0185,7.6111045,0
47,48.980137,Female,45.22633,13.855727,3.1490123,12.824237,Basic,Annual,744.76117,8.703113,0
48,44.859467,Male,45.036514,4.6514,3.4217298,5.7740097,Basic,Annual,760.8533,9.270787,0
49,43.712254,Male,33.087574,20.923353,1.7172978,15.937351,Premium,Quarterly,579.9832,16.123083,0
50,36.429516,Male,15.504239,17.288143,1.9502403,5.187802,Standard,Quarterly,899.6039,10.496212,0
51,29.657705,Female,25.445457,9.06858,5.1899743,9.141076,Basic,Quarterly,283.54556,7.8927126,0
52,32.289097,Male,15.673825,21.18979,3.7705593,14.556668,Standard,Annual,570.8799,23.981295,0
53,53.66899,Male,39.986584,10.25977,5.6947975,4.50577,Basic,Annual,549.47485,23.060556,0
54,47.375854,Male,38.363476,15.865296,1.198699,12.927735,Premium,Quarterly,687.7971,15.979116,0
55,37.68753,Male,44.064552,7.703343,1.6474221,17.787455,Standard,Quarterly,779.2799,9.938305,0
56,36.920517,Female,14.67305,24.487204,2.1885087,9.95242,Standard,Quarterly,807.6892,6.0794225,0
57,27.845036,Male,34.74758,21.927666,1.6275873,21.354277,Premium,Quarterly,562.1369,12.278095,0
58,26.198282,Male,13.196766,24.646395,3.8767526,5.9980392,Standard,Annual,709.16583,18.955923,0
59,54.571934,Male,48.448475,6.5477443,5.759782,7.218809,Basic,Annual,625.52295,12.511521,0
60,39.445496,Male,49.727203,19.388483,1.5204146,10.658468,Standard,Annual,628.8044,9.722299,0
61,27.682007,Male,38.812366,17.969185,1.2798307,6.6314125,Premium,Annual,688.70105,14.5669,0
62,59.271877,Female,47.911446,15.2390995,6.8142676,24.304039,Basic,Monthly,256.3506,21.645422,0
63,54.76255,Female,24.164167,6.5935626,5.321502,11.304583,Basic,Quarterly,484.22772,8.32597,0
64,52.018906,Male,39.005386,18.37901,7.683915,22.382801,Basic,Annual,844.4628,21.07967,0
65,53.182373,Male,39.697563,22.166039,7.729415,19.899534,Basic,Annual,711.1476,12.465491,0
66,39.32948,Male,16.7705,9.173908,3.0250223,9.554511,Standard,Quarterly,748.32574,15.699131,0
67,36.994984,Female,44.23117,17.200575,7.287586,20.617588,Standard,Annual,765.3783,8.149938,0
68,53.47102,Male,6.8337398,6.0368667,8.476524,6.9260983,Premium,Quarterly,713.15814,18.652807,0
69,42.33414,Male,34.48005,11.349244,3.3690522,11.795683,Premium,Quarterly,722.01013,13.222646,0
70,26.941187,Female,22.542162,21.140356,8.437136,14.623936,Standard,Annual,640.0598,6.157681,0
71,42.983105,Male,32.430874,13.852337,1.675085,6.5156016,Basic,Quarterly,831.7209,20.983429,0
72,52.012905,Female,42.776825,20.087723,1.8942852,18.960897,Basic,Quarterly,530.923,4.247317,0
73,49.438217,Female,14.529655,11.364851,3.1200871,9.757767,Premium,Quarterly,682.99005,8.293442,0
74,45.2116,Male,22.0512,18.527323,2.7060895,4.928309,Basic,Quarterly,722.4701,22.277943,0
75,39.69165,Male,45.55741,11.536722,1.3639107,7.8632803,Basic,Quarterly,851.4209,14.398644,0
76,33.08276,Male,42.425728,8.675519,2.3917475,14.088677,Basic,Annual,559.87976,21.933289,0
77,29.4404,Male,46.818295,16.435575,0.7632141,9.859342,Standard,Quarterly,822.8729,16.169024,0
78,32.17282,Male,18.826653,24.67377,1.6275703,24.232733,Premium,Quarterly,663.14655,19.00707,0
79,47.90673,Male,10.589884,22.492567,4.31824,5.990202,Premium,Quarterly,627.5991,19.806585,0
80,34.485374,Male,13.880695,24.190136,1.7698957,7.9243655,Standard,Quarterly,380.68536,14.579824,0
81,36.654026,Male,37.61746,8.590091,4.186557,9.513559,Basic,Annual,680.76556,23.193115,0
82,27.583138,Male,35.63529,15.707851,1.1775386,11.020248,Premium,Quarterly,720.43915,13.1303425,0
83,50.32663,Male,18.87683,18.57659,3.647965,4.1737094,Basic,Annual,775.3317,24.548185,0
84,54.788464,Male,41.592964,19.137922,3.0122442,20.765394,Basic,Quarterly,765.2552,16.537159,0
85,30.072243,Male,17.494009,19.527277,1.4336381,5.7301965,Standard,Quarterly,766.8225,22.917097,0
86,41.05466,Male,16.573612,7.336869,2.5486872,12.148181,Standard,Quarterly,743.21173,13.712035,0
87,32.728004,Male,32.11805,6.834889,3.7920082,9.598715,Basic,Annual,636.49664,20.995502,0
88,32.881927,Male,37.409813,25.271622,1.2446756,7.5196056,Standard,Annual,730.8217,7.589587,0
89,36.4518,Female,50.548714,12.691257,1.2007899,6.7052054,Premium,Annual,712.00757,7.2486577,0
90,35.01159,Male,24.148844,23.375559,5.1911654,14.748044,Standard,Annual,515.11633,8.156139,0
91,29.723652,Female,18.840157,19.72802,1.2872121,16.182882,Standard,Quarterly,855.75916,6.442779,0
92,39.0258,Male,49.31495,19.647385,2.2002835,4.658504,Basic,Annual,766.36383,22.14318,0
93,44.434563,Male,48.25951,24.355047,4.0573573,23.718937,Basic,Annual,485.7061,20.262314,0
94,27.6572,Male,33.956604,19.158653,1.3464935,15.759454,Standard,Quarterly,737.86615,20.10339,0
95,31.860977,Male,35.794716,9.7369175,1.5133505,11.925557,Premium,Quarterly,711.8364,21.225613,0
96,37.078346,Male,33.16131,11.430654,1.4908063,7.42713,Basic,Quarterly,808.512,19.011242,0
97,25.62334,Female,32.69099,6.885115,2.323212,22.194132,Standard,Annual,773.72345,7.6769404,0
98,44.404434,Male,41.625675,9.439494,1.4735303,14.625958,Basic,Quarterly,832.98456,21.123922,0
99,32.132694,Male,25.512146,7.9341173,4.8089232,17.346958,Basic,Annual,689.94653,24.025042,0
100,44.096436,Male,14.263233,14.694837,7.3263426,6.257068,Standard,Quarterly,688.9289,17.291077,0
101,38.009975,Male,31.22486,10.481295,6.485123,19.860422,Basic,Quarterly,647.07556,21.74399,0
102,31.111992,Female,42.80362,15.858293,4.644422,10.504485,Basic,Annual,340.21143,8.088027,0
103,43.96012,Female,38.749996,11.834925,8.784873,22.064333,Basic,Quarterly,800.3996,9.218727,0
104,35.43276,Male,28.617647,5.9899793,6.552726,25.271358,Premium,Quarterly,361.15524,16.592413,0
105,36.980133,Male,46.71897,13.151904,1.3701417,6.462538,Premium,Quarterly,688.5121,12.791468,0
106,32.069195,Male,11.331026,12.985652,1.996418,17.839779,Standard,Quarterly,320.77435,8.569386,0
107,35.20441,Male,43.408924,20.648722,1.2604914,21.118053,Premium,Quarterly,442.59317,19.771593,0
108,51.302025,Male,23.72051,13.635661,7.194137,6.4556794,Basic,Quarterly,272.83655,13.526937,0
109,35.622505,Male,30.502745,4.601439,6.583827,24.239117,Standard,Quarterly,272.75677,15.406543,0
110,34.15823,Male,49.155495,13.036909,1.1632044,7.4808936,Basic,Quarterly,790.1034,26.464384,0
111,49.244045,Male,7.895305,16.149197,1.9411285,7.103393,Premium,Quarterly,732.1241,22.661543,0
112,34.475853,Male,43.54653,15.836548,1.460762,9.563414,Standard,Quarterly,869.94995,12.659399,0
113,54.601414,Male,18.31993,13.028782,5.794006,16.216307,Basic,Quarterly,658.6135,23.647095,0
114,42.44364,Female,43.819233,21.122189,1.5044577,10.723119,Standard,Quarterly,727.45245,5.7696576,0
115,34.666576,Female,14.415997,16.915369,2.9169014,10.931507,Standard,Quarterly,589.1513,6.351786,0
116,30.810366,Male,40.027214,11.788016,2.1340976,11.8363,Basic,Quarterly,542.07916,24.937817,0
117,33.09532,Male,18.914465,6.5576663,3.0153399,10.717599,Basic,Quarterly,306.43073,19.689314,0
118,29.557123,Female,37.7372,20.018274,0.8797691,5.3987894,Standard,Quarterly,898.045,5.364759,0
119,28.462973,Female,32.233803,7.902992,1.0281911,3.397614,Standard,Annual,843.36273,7.2264214,0
120,34.883717,Male,38.088608,22.0393,1.6076006,11.895278,Standard,Quarterly,717.79034,22.21353,0
121,25.92052,Male,20.989466,27.286337,2.2215896,17.409206,Standard,Annual,279.0096,17.551025,0
122,54.55691,Female,42.76113,17.90449,6.8673363,19.992702,Basic,Annual,617.2921,13.191287,0
123,49.213005,Male,18.655022,14.35912,5.2289248,7.101411,Basic,Quarterly,795.8227,25.781858,0
124,36.39165,Male,40.38754,8.778522,1.6007047,7.6917267,Premium,Quarterly,644.412,15.394039,0
125,37.578938,Male,37.93273,17.360764,1.7542603,11.149694,Basic,Quarterly,395.0702,12.462173,0
126,41.081215,Male,47.80374,7.5496116,1.5919077,14.767809,Basic,Quarterly,741.2603,17.79714,0
127,35.393456,Male,37.67879,18.26354,5.440118,10.300007,Basic,Annual,414.75497,10.594599,0
128,34.463184,Female,19.979218,9.0526905,1.3387499,14.549164,Standard,Quarterly,774.44257,5.514014,0
129,39.67748,Male,13.549419,15.218591,2.6146686,8.798397,Standard,Quarterly,597.4359,14.132042,0
130,45.854534,Female,38.87527,23.75518,2.6420643,8.437027,Standard,Annual,606.3005,6.090656,0
131,27.903278,Male,22.132437,7.87298,7.3679233,24.532148,Standard,Annual,714.4501,16.814648,0
132,27.131973,Male,8.810307,17.877234,2.5014944,18.365084,Premium,Quarterly,694.2128,12.96106,0
133,35.23297,Female,29.364992,12.715246,4.691061,10.466594,Standard,Quarterly,688.84265,6.211922,0
134,53.70552,Male,28.738668,20.907146,5.0417457,17.858646,Basic,Annual,855.3854,21.49741,0
135,49.477417,Male,7.8804526,25.485807,6.2807817,13.52406,Standard,Quarterly,868.7956,25.019157,0
136,32.063587,Male,42.4172,22.197735,0.8303139,9.033446,Standard,Annual,840.30817,8.930168,0
137,37.52446,Male,37.51161,23.79153,5.1344914,11.48637,Standard,Annual,531.4008,8.304653,0
138,52.631634,Male,28.732368,19.84649,1.3183177,21.938078,Premium,Quarterly,358.5758,9.301923,0
139,38.428528,Male,28.769234,17.479013,2.73689,8.4739685,Standard,Quarterly,730.7206,19.623354,0
140,37.221146,Male,49.613613,6.4666944,1.3788214,11.248982,Basic,Quarterly,815.0607,18.797453,0
141,54.906578,Male,24.275373,3.7786553,7.105763,19.343618,Basic,Quarterly,471.11472,15.089583,0
142,29.148726,Female,38.717438,22.81071,0.982826,8.580419,Standard,Quarterly,733.3762,4.8475547,0
143,50.73206,Female,29.744167,24.211267,3.6603231,26.831507,Premium,Quarterly,440.6069,10.371805,0
144,50.49942,Female,42.511375,15.253333,4.146719,5.4412637,Basic,Annual,389.49338,8.374564,0
145,46.361965,Female,35.578495,10.966623,3.489403,22.395624,Premium,Quarterly,368.05893,9.283822,0
146,44.634785,Male,42.854927,13.512296,3.17244,15.650847,Standard,Quarterly,802.1086,14.345093,0
147,35.07193,Female,48.53612,16.44411,1.3635423,7.0214534,Standard,Annual,797.05304,6.8554463,0
148,37.50513,Male,11.639839,9.598301,8.413645,21.769087,Standard,Quarterly,578.5949,23.664642,0
149,39.46632,Male,46.742916,21.934862,2.4805834,23.710238,Premium,Annual,648.95337,18.690796,0
150,30.218124,Female,9.085453,21.111614,5.168561,4.771233,Premium,Quarterly,648.1894,7.3126264,0
151,39.68092,Male,32.930992,6.3781247,1.5956583,7.8241606,Basic,Quarterly,753.9486,21.096478,0
152,31.76039,Male,29.815453,21.145351,4.685491,16.897388,Standard,Annual,589.86566,10.5297,0
153,39.399914,Male,13.723021,15.101359,1.0816154,12.833759,Standard,Quarterly,915.3992,19.562538,0
154,36.218613,Male,29.955223,8.190132,1.4609716,6.5937448,Standard,Quarterly,833.34314,10.360336,0
155,35.640156,Female,30.77051,19.422518,1.4563925,13.2941065,Standard,Quarterly,731.0688,5.700443,0
156,53.702423,Male,32.5936,6.388492,5.722089,27.534351,Basic,Quarterly,317.7187,22.178967,0
157,39.990494,Male,19.925983,8.077711,2.4262588,11.982444,Standard,Quarterly,805.4297,8.04014,0
158,42.15206,Male,43.514748,19.865366,5.18066,12.008769,Basic,Annual,487.65256,20.910875,0
159,32.157913,Male,27.62413,10.582945,4.9786897,14.314156,Basic,Quarterly,423.86002,13.3534355,0
160,37.639706,Male,22.620052,25.682096,1.5749643,16.255611,Standard,Annual,805.9825,8.203132,0
161,45.232353,Female,9.007534,13.47277,2.6164556,8.57691,Premium,Quarterly,455.93973,6.42462,0
162,46.746983,Female,19.62376,19.790665,3.7462535,5.78086,Standard,Quarterly,822.1842,5.871136,0
163,25.857977,Male,35.344116,24.758753,1.0546567,7.6071777,Standard,Annual,787.64685,14.902332,0
164,43.323452,Female,46.939144,19.23255,2.3014064,7.5915275,Standard,Annual,719.5087,6.6656666,0
165,37.630592,Female,20.103645,24.860212,1.724544,7.743238,Standard,Annual,728.55035,6.2325845,0
166,43.688416,Male,35.612328,13.848701,2.7539513,18.616373,Standard,Quarterly,839.6051,9.899206,0
167,42.10877,Male,9.638199,6.559157,1.8773863,11.019246,Premium,Quarterly,650.71576,14.834516,0
168,47.39973,Male,41.56878,14.499389,3.1996622,10.557023,Basic,Quarterly,618.8016,16.270649,0
169,25.972006,Male,33.417027,25.197906,3.783251,9.219406,Standard,Annual,741.67505,21.680738,0
170,40.896072,Male,19.965588,5.2225537,3.2005029,14.638039,Basic,Quarterly,406.02765,22.78082,0
171,51.39306,Male,30.46785,11.02098,8.623168,22.791418,Basic,Quarterly,716.1821,25.46738,0
172,36.34303,Male,19.714785,19.704292,1.2313838,5.575664,Standard,Quarterly,807.7037,21.302616,0
173,51.376938,Female,50.481487,20.00071,4.2272663,21.440817,Basic,Annual,223.04375,24.855886,0
174,51.49583,Male,31.460577,7.005117,4.1514025,19.77625,Basic,Quarterly,481.9397,10.043025,0
175,46.180775,Male,35.463566,21.82566,1.8590057,10.805165,Standard,Quarterly,721.52124,10.007126,0
176,37.641457,Male,24.573284,26.762457,2.251067,15.473378,Standard,Annual,764.2683,21.947561,0
177,39.975445,Female,42.716404,19.815376,2.567536,8.235016,Standard,Annual,605.15857,7.4546742,0
178,40.139137,Female,50.253353,23.744825,2.7724957,8.4045925,Standard,Annual,497.93457,7.1311817,0
179,34.84928,Male,11.844028,23.092041,1.473413,10.737719,Standard,Quarterly,700.1216,19.862633,0
180,57.303547,Male,35.892372,20.525934,2.372716,9.986074,Basic,Monthly,277.92703,21.980394,0
181,43.092247,Female,33.46564,12.778267,1.944372,13.902639,Standard,Quarterly,796.8114,6.5885754,0
182,28.611176,Female,13.922745,17.152807,0.93438244,3.3952374,Standard,Quarterly,902.35626,5.9237113,0
183,42.96679,Female,39.994617,17.852592,8.580683,15.284217,Basic,Quarterly,309.62784,5.047189,0
184,40.80356,Male,12.502506,10.196041,2.7301674,10.9165325,Standard,Quarterly,603.3499,17.411757,0
185,35.76494,Male,14.926071,22.475716,3.6204062,6.0513597,Standard,Annual,676.41907,21.973904,0
186,32.06921,Male,44.72093,17.645077,2.3162138,18.66571,Standard,Annual,791.34283,19.416948,0
187,52.791348,Male,38.874584,22.364931,5.7376175,11.206293,Basic,Annual,758.7408,17.55139,0
188,43.70581,Male,12.45158,10.791924,5.466999,20.589952,Standard,Quarterly,758.0181,19.18356,0
189,35.88294,Male,30.401701,21.391605,2.8288188,8.381137,Basic,Annual,572.8595,19.646347,0
190,45.70895,Male,28.024965,9.836746,7.6011953,11.396096,Basic,Quarterly,460.59207,22.050234,0
191,47.44752,Male,13.072569,19.971426,6.1505227,19.6625,Standard,Quarterly,620.5218,8.517071,0
192,44.578537,Male,47.472794,15.624218,1.5295737,8.114255,Premium,Quarterly,659.0797,13.111743,0
193,38.82688,Male,16.896725,26.550482,1.8900005,13.017351,Standard,Quarterly,666.4902,13.315004,0
194,49.948532,Male,39.70363,16.137264,3.155641,24.375587,Basic,Quarterly,500.00223,24.893143,0
195,37.983513,Male,14.185354,9.101963,5.719255,22.734121,Standard,Quarterly,663.56476,13.023707,0
196,31.331276,Male,33.4761,26.201923,0.98126316,12.356952,Standard,Annual,701.8398,7.915136,0
197,30.804686,Male,39.819645,22.224695,1.2764645,14.015631,Standard,Quarterly,795.05426,20.652624,0
198,60.1721,Female,33.501675,21.517681,6.9221163,18.891695,Basic,Quarterly,409.6891,8.328158,0
199,42.45348,Male,31.002243,13.435354,3.036564,8.602756,Premium,Quarterly,705.53455,13.57939,0
200,54.1267,Female,29.914646,18.404966,6.782189,13.110983,Basic,Quarterly,613.00037,6.918608,0
201,54.600628,Male,43.34784,7.6904798,8.940298,7.489539,Basic,Monthly,846.48047,24.866264,0
202,30.489307,Male,25.453547,23.01612,3.5772214,22.708158,Standard,Annual,433.8536,21.839216,0
203,39.46844,Male,28.068636,17.757967,3.8832195,10.998026,Standard,Annual,720.94055,21.564976,0
204,36.52452,Male,46.373005,14.576841,8.894302,16.957989,Basic,Annual,590.7124,25.636429,0
205,35.545986,Male,20.950966,24.713432,2.1530516,12.34464,Standard,Quarterly,861.05554,21.802198,0
206,55.25623,Male,9.416611,7.975753,7.3943553,19.393639,Premium,Quarterly,779.45447,14.155169,0
207,37.474922,Male,33.670197,10.466339,1.7890618,7.530094,Standard,Quarterly,786.75604,12.343723,0
208,39.99028,Male,48.4078,12.649429,1.3201203,8.193891,Premium,Quarterly,611.9292,12.933357,0
209,45.45155,Male,43.7073,10.423646,1.6496605,6.277528,Basic,Quarterly,603.5525,11.473907,0
210,40.41244,Male,39.80589,9.416619,5.5991497,7.4794817,Basic,Annual,656.62396,15.958076,0
211,34.043842,Male,36.61878,22.044256,8.051782,16.493956,Basic,Annual,731.9212,19.67354,0
212,46.454113,Male,19.171146,20.956484,2.190653,4.576243,Standard,Quarterly,796.39594,19.667976,0
213,50.757133,Male,31.159307,24.478748,6.527151,5.7147536,Basic,Annual,242.50502,20.34257,0
214,30.768143,Male,33.281113,13.858321,5.3503027,17.120693,Basic,Annual,784.8538,22.200705,0
215,31.150309,Male,15.502469,12.930757,1.4596858,7.0392103,Premium,Quarterly,471.82306,8.435944,0
216,35.81937,Female,13.089863,6.7912545,8.996421,23.079788,Standard,Quarterly,633.4246,7.426006,0
217,31.141174,Male,16.055656,27.214863,1.2869275,10.00577,Standard,Quarterly,619.956,21.764097,0
218,43.38876,Male,40.858425,13.108428,3.2042432,14.942902,Basic,Quarterly,733.2404,16.944138,0
219,29.072687,Male,27.815348,6.435084,1.1092131,11.998006,Standard,Quarterly,754.41113,22.584631,0
220,36.219788,Male,36.255417,25.03229,1.0753036,8.080473,Standard,Annual,740.5732,9.22172,0
221,39.98027,Female,44.58451,12.029208,4.5306334,12.523529,Basic,Annual,640.7163,8.2333555,0
222,48.08943,Male,36.575977,11.937874,8.717198,25.52342,Basic,Quarterly,666.4761,21.200748,0
223,50.189774,Male,24.533495,21.803478,2.8701713,7.6565495,Standard,Quarterly,761.98364,14.524286,0
224,37.794655,Male,20.646193,20.711391,2.2331486,7.943922,Standard,Quarterly,754.68634,15.3752575,0
225,43.603058,Female,37.34804,23.225744,1.1031473,23.312891,Standard,Quarterly,297.09952,8.193785,0
226,31.921259,Male,28.444305,23.329819,0.9157071,17.220085,Standard,Quarterly,711.2686,18.90239,0
227,30.10476,Male,48.2448,25.156288,2.0468762,19.078426,Standard,Annual,697.8578,12.021452,0
228,44.65725,Male,42.58919,13.046839,1.786953,10.638987,Basic,Quarterly,758.7625,12.492308,0
229,32.54544,Male,30.456457,6.3620887,2.4006128,10.88552,Basic,Annual,452.19785,20.702984,0
230,38.335567,Male,38.855347,16.917875,2.046677,16.252373,Standard,Quarterly,791.7174,10.090976,0
231,33.588287,Female,12.6341915,19.48907,1.388135,7.885564,Standard,Quarterly,845.05176,5.797686,0
232,45.935955,Female,25.836447,8.73772,3.9506495,10.621265,Basic,Quarterly,249.76518,7.0716286,0
233,36.199436,Male,40.211983,19.613384,4.596436,10.326236,Basic,Annual,639.8676,14.116749,0
234,51.16783,Male,22.522354,14.564963,6.391646,20.272171,Basic,Quarterly,572.846,20.616215,0
235,34.078323,Female,33.798927,17.301016,2.1846256,15.310129,Standard,Quarterly,790.89606,6.6685567,0
236,41.42288,Male,39.80427,8.817928,2.0615911,15.136954,Basic,Quarterly,790.3186,19.92169,0
237,35.010983,Male,42.062523,7.726703,4.0012836,20.147581,Basic,Annual,471.12854,12.243174,0
238,47.85163,Male,18.71678,11.428971,4.924408,21.197582,Premium,Quarterly,622.766,8.718878,0
239,46.33211,Male,39.305664,23.975796,1.5167813,19.158524,Basic,Quarterly,279.71118,8.504099,0
240,37.743275,Male,59.763832,15.509227,2.013996,7.0063224,Premium,Annual,675.6531,13.012902,0
241,27.457375,Male,34.308025,14.687653,1.3930597,12.6444,Standard,Quarterly,849.80646,20.943172,0
242,55.92958,Male,9.326412,23.118122,5.0962186,19.560823,Standard,Quarterly,865.9988,21.63158,0
243,30.71364,Male,17.761477,25.682497,6.0610867,2.820374,Standard,Annual,766.5134,13.925562,0
244,40.98983,Male,13.987604,8.779101,2.343176,16.362549,Standard,Quarterly,570.18384,8.761537,0
245,48.60158,Male,35.063847,23.545193,7.7183046,24.624521,Standard,Annual,844.27515,11.915878,0
246,26.434237,Male,43.443153,22.033522,1.0402038,10.274876,Standard,Annual,754.90967,19.292849,0
247,33.961098,Male,49.480995,11.86862,1.6843504,15.346011,Basic,Quarterly,572.79297,25.241928,0
248,50.222267,Male,27.333288,21.897766,2.3103564,13.5543,Premium,Quarterly,648.9788,10.901451,0
249,32.239895,Female,33.140553,13.928287,1.591645,8.757207,Standard,Quarterly,816.04895,6.5401573,0
250,52.124893,Male,10.432772,10.818824,8.719359,16.895454,Basic,Quarterly,690.719,22.14246,0
251,52.531773,Female,10.874395,23.74488,4.7746735,6.685083,Standard,Quarterly,574.90485,7.9460287,0
252,32.225883,Male,26.68664,6.379934,1.1863325,18.13082,Standard,Quarterly,753.41595,8.520272,0
253,29.174646,Male,46.612003,12.418722,1.8875198,16.374119,Premium,Quarterly,577.9077,10.740203,0
254,48.637714,Male,32.346478,24.1823,2.0782788,7.241792,Basic,Annual,595.20233,14.134689,0
255,38.717083,Male,23.41129,12.1657295,1.9447904,6.801595,Standard,Quarterly,847.28534,7.8675337,0
256,44.220573,Male,54.093945,12.858434,4.186923,3.723905,Standard,Annual,804.3176,17.678738,0
257,29.289974,Male,30.90096,12.748015,1.8010284,23.59192,Premium,Quarterly,638.9034,11.168312,0
258,44.33238,Male,33.091194,6.609736,2.0729012,15.759988,Standard,Quarterly,830.7835,12.053317,0
259,35.27756,Female,31.079386,11.526534,7.0957093,25.40227,Premium,Quarterly,689.926,5.8629613,0
260,55.9382,Female,30.008892,7.3725286,8.212024,21.78758,Basic,Quarterly,780.8331,9.270436,0
261,28.273941,Male,38.397762,29.640564,1.1346772,9.925426,Standard,Annual,473.50015,14.334907,0
262,41.369183,Male,10.326708,14.612181,7.817862,16.457527,Standard,Quarterly,829.30865,19.262018,0
263,33.195263,Male,28.562069,24.809044,1.6763538,16.056484,Standard,Annual,750.92114,11.368184,0
264,35.8403,Male,34.089115,10.682523,6.6830587,5.571927,Basic,Annual,273.41666,22.272188,0
265,42.501266,Male,53.557472,18.398832,1.436178,6.6496906,Standard,Quarterly,831.5823,22.94905,0
266,40.928104,Male,47.101425,14.219423,7.8789096,24.69062,Basic,Monthly,422.84515,23.651905,0
267,47.169285,Male,7.5633826,7.8588037,2.1039643,7.263478,Premium,Quarterly,428.30017,16.014246,0
268,32.721745,Male,12.983322,18.01918,1.8313028,8.588464,Standard,Quarterly,696.7857,8.673462,0
269,33.893177,Male,13.766212,24.059769,1.3804622,3.5626779,Standard,Annual,702.5769,16.439425,0
270,44.91899,Male,41.011086,13.956857,1.5149176,17.611675,Premium,Quarterly,556.5926,9.817152,0
271,58.19403,Male,23.943384,23.2216,5.755315,10.370068,Basic,Annual,530.5219,20.497765,0
272,27.774683,Male,16.064667,20.051899,2.4386456,10.358924,Standard,Quarterly,563.4106,9.095445,0
273,38.22049,Female,45.352936,14.711318,1.5011227,4.971787,Standard,Annual,760.98724,5.7501082,0
274,34.748936,Male,50.350376,23.689392,7.9936767,4.227323,Basic,Annual,678.0677,17.196102,0
275,36.036255,Female,43.705753,23.66625,8.387079,13.865623,Standard,Annual,699.6949,6.5799427,0
276,30.79316,Male,24.29757,7.11966,1.8311727,11.403744,Basic,Quarterly,509.88284,21.703915,0
277,51.344265,Male,51.565994,15.148449,6.1821938,20.001194,Basic,Annual,668.4777,14.323504,0
278,30.370584,Male,41.468197,21.96457,1.1594651,5.1504307,Premium,Annual,689.452,17.05151,0
279,60.416794,Female,20.019154,6.680962,1.4160485,27.545017,Basic,Monthly,541.2093,14.177274,0
280,29.013128,Male,44.087467,11.991134,2.052523,17.081415,Premium,Quarterly,655.8684,19.26456,0
281,39.015167,Male,35.19588,7.455566,3.9801795,10.265608,Basic,Annual,705.72125,22.47932,0
282,45.587482,Male,42.98665,17.244522,5.103526,8.567314,Basic,Annual,507.69882,22.132807,0
283,43.360245,Male,43.40419,18.281897,4.5846324,12.779584,Basic,Annual,640.6781,18.573359,0
284,30.529295,Male,41.511673,7.905669,1.1855345,5.2806845,Premium,Annual,767.27545,16.395933,0
285,38.192547,Male,12.038952,24.073383,5.378511,19.777355,Standard,Annual,530.5331,25.105307,0
286,40.317364,Male,33.24986,5.819432,2.1853926,7.9051967,Standard,Quarterly,744.4155,12.440992,0
287,40.59707,Male,17.96121,20.713476,1.1092861,13.617554,Standard,Quarterly,649.21344,20.44097,0
288,36.312798,Male,15.517042,25.666508,3.3959408,24.718042,Standard,Annual,519.2416,26.335892,0
289,41.40508,Male,12.40847,21.32298,2.404798,17.715633,Standard,Quarterly,792.2286,25.89561,0
290,48.516243,Female,46.831097,20.823544,2.0333247,18.135912,Premium,Quarterly,591.3449,8.414475,0
291,44.861134,Female,22.078524,23.6462,2.8026903,14.087242,Standard,Annual,727.27185,8.138931,0
292,47.726604,Male,47.373943,20.416231,2.4727063,18.309795,Basic,Quarterly,404.52643,19.687557,0
293,44.563313,Female,31.698444,19.53761,1.6434783,15.902339,Standard,Quarterly,833.6893,4.4006047,0
294,37.686504,Male,35.79285,6.1617618,1.4871445,16.491638,Premium,Quarterly,727.811,20.438112,0
295,46.83583,Female,17.87602,17.092682,1.4116554,16.015831,Standard,Quarterly,725.47186,5.5688405,0
296,39.00911,Male,20.270117,13.408563,3.355786,12.17866,Basic,Quarterly,416.24405,17.62731,0
297,37.97883,Male,10.985622,19.53845,1.2590897,9.113859,Premium,Quarterly,669.2872,17.204376,0
298,24.96706,Female,40.957264,21.315634,2.2337043,21.735472,Standard,Quarterly,306.71594,6.673055,0
299,35.053455,Male,42.21007,24.118286,4.934641,10.40973,Basic,Annual,431.06192,24.614481,0
300,48.109592,Male,27.633093,22.83416,3.2555718,11.33931,Standard,Annual,661.7335,17.902462,0
301,39.587303,Male,17.174036,19.399473,1.227952,12.299744,Standard,Quarterly,616.951,11.1413,0
302,34.581364,Male,23.411283,11.876317,1.4202056,15.122075,Basic,Quarterly,768.3244,25.230295,0
303,42.65836,Female,10.738432,10.253567,4.680103,9.150379,Standard,Quarterly,704.9165,7.378075,0
304,52.45862,Male,48.724205,16.564983,7.13121,11.527257,Basic,Monthly,277.59192,25.435951,0
305,30.485601,Male,38.845135,7.8175683,4.769669,7.0923934,Basic,Annual,649.288,20.270382,0
306,29.597782,Male,37.30563,12.03213,0.9279506,14.617041,Standard,Quarterly,791.5831,17.289236,0
307,46.0762,Female,45.841637,8.8625965,2.4276123,8.318479,Basic,Annual,767.80975,6.6175146,0
308,42.357365,Male,30.308653,24.29991,1.42236,15.217246,Standard,Quarterly,784.4957,13.021176,0
309,31.882269,Female,33.28347,11.763728,3.0016015,12.166666,Standard,Quarterly,774.1724,6.638185,0
310,54.51767,Female,37.12586,10.273113,1.520385,22.617714,Premium,Quarterly,628.7861,6.5052238,0
311,38.212803,Male,28.237288,25.10396,1.3288727,14.07896,Standard,Quarterly,743.8927,15.548157,0
312,36.223587,Female,50.48294,15.266482,1.4625645,16.23393,Standard,Quarterly,812.03,4.5369935,0
313,51.144447,Female,26.484892,23.788124,9.19956,8.942802,Basic,Annual,475.3942,5.4923835,0
314,34.433765,Female,46.507137,16.486256,1.8109012,12.184606,Standard,Annual,716.95306,8.089285,0
315,30.192938,Female,18.656397,9.8553705,8.838597,9.974523,Premium,Quarterly,409.59937,7.782414,0
316,27.42891,Male,46.56889,12.981354,1.3782754,22.751724,Premium,Quarterly,559.4145,20.931585,0
317,39.173687,Female,43.862278,7.9478583,1.393923,13.841794,Standard,Quarterly,819.8369,7.515296,0
318,36.583687,Female,30.536457,7.0635934,8.517294,9.6910515,Standard,Annual,837.7689,6.0002475,0
319,50.441757,Female,18.170837,21.398476,1.9840347,11.2112255,Standard,Quarterly,626.8485,5.6138587,0
320,50.292706,Female,20.113602,5.345405,8.109254,5.5281444,Basic,Quarterly,411.5473,5.125152,0
321,48.20037,Male,16.221209,21.519451,6.3918924,12.987211,Standard,Annual,818.6029,18.119543,0
322,59.28015,Male,44.023335,12.085715,8.832734,14.414495,Basic,Monthly,375.4908,17.482384,0
323,48.385674,Female,40.575478,18.228058,4.5581045,14.401153,Basic,Annual,483.464,5.766401,0
324,49.286617,Male,42.046646,21.113684,3.0090985,10.284803,Basic,Annual,611.89124,21.520418,0
325,31.863085,Female,48.085854,8.250488,1.3019233,13.007782,Premium,Annual,698.02216,7.6515675,0
326,56.797764,Male,23.593264,11.249816,2.2603,8.006357,Basic,Quarterly,343.4621,19.725033,0
327,51.135246,Female,15.192911,22.848694,6.1127605,23.952353,Standard,Quarterly,413.1,10.854388,0
328,37.40002,Female,35.503345,26.333727,1.8188732,8.381186,Standard,Annual,798.64703,5.380051,0
329,38.162292,Female,28.891968,18.82527,2.507094,8.266358,Standard,Annual,548.8931,6.7676816,0
330,32.65212,Male,28.081688,21.664173,2.6030679,9.394493,Basic,Annual,533.49585,23.311443,0
331,35.42199,Male,9.787277,10.995531,2.9747446,11.057177,Premium,Quarterly,706.41,15.271307,0
332,42.058483,Male,27.37173,20.792791,2.0411804,5.7628508,Standard,Quarterly,715.605,19.92603,0
333,40.103867,Male,23.335716,18.170723,2.1658833,11.581982,Standard,Quarterly,626.0397,13.260756,0
334,43.218925,Male,47.456375,21.74805,2.6948626,8.957363,Standard,Annual,737.4589,14.178305,0
335,37.338383,Male,37.107727,9.296413,5.2320676,17.869982,Basic,Annual,633.7853,16.024048,0
336,25.065647,Male,13.230957,9.858305,1.9138038,12.003998,Standard,Quarterly,800.2224,16.716969,0
337,36.260937,Male,28.390022,21.448524,1.2007625,15.617361,Standard,Quarterly,754.4492,21.164198,0
338,42.772415,Female,17.202019,8.53512,3.4964838,8.654156,Standard,Quarterly,598.1975,7.278097,0
339,24.10451,Male,16.6457,11.825749,0.38021466,14.625912,Premium,Quarterly,766.48004,21.998993,0
340,34.223694,Male,35.45841,13.314277,7.6096706,7.548914,Basic,Annual,709.75134,24.150312,0
341,35.23121,Female,11.529964,8.71645,1.5879121,8.343415,Standard,Quarterly,681.98236,7.4879866,0
342,39.28706,Male,47.640076,9.738668,1.8055758,22.937975,Premium,Quarterly,732.4455,16.697958,0
343,42.654236,Male,38.919773,27.32017,2.191889,18.98409,Standard,Annual,569.62885,7.9888334,0
344,39.00487,Male,47.778404,19.507736,1.3230834,9.170955,Standard,Quarterly,864.2387,16.254303,0
345,52.459442,Male,17.653244,6.5865655,7.079574,6.844706,Basic,Quarterly,278.43417,11.014439,0
346,43.60716,Male,41.77121,20.941233,2.9198654,13.268824,Standard,Annual,806.41785,11.828,0
347,53.38088,Male,44.751053,16.982134,4.966713,23.689156,Basic,Quarterly,504.56152,16.789825,0
348,27.552864,Female,25.220009,7.8813906,0.81264806,11.405073,Standard,Quarterly,728.5664,7.1779447,0
349,29.045269,Male,30.446327,21.628439,1.6999512,5.6335044,Standard,Annual,844.1939,7.594357,0
350,49.35227,Male,24.74709,20.924883,1.7081027,7.8444986,Standard,Quarterly,733.06274,14.532403,0
351,55.492935,Male,41.406868,4.368562,8.015324,16.864998,Basic,Monthly,280.32025,22.241861,0
352,44.805412,Female,26.063976,19.088194,6.163406,27.778933,Standard,Quarterly,758.61,7.149821,0
353,43.10516,Male,17.490261,14.917497,2.3103812,5.9414506,Premium,Quarterly,591.04,13.993945,0
354,42.888683,Male,23.005442,18.153477,2.096325,7.466945,Premium,Quarterly,559.8571,13.131949,0
355,28.31249,Female,37.014812,16.969767,0.8495877,8.179137,Premium,Annual,718.4302,6.513817,0
356,47.311268,Male,37.606438,8.867551,2.97766,11.169673,Basic,Quarterly,694.9197,19.780638,0
357,47.252354,Male,38.257874,21.542393,1.6619617,11.536144,Basic,Quarterly,566.3382,16.253677,0
358,26.402325,Male,13.849245,23.771606,1.0879548,13.615386,Standard,Quarterly,624.5498,8.465473,0
359,31.253456,Male,24.834572,6.952564,7.4309034,25.796305,Standard,Quarterly,282.59933,15.590599,0
360,39.8588,Female,26.004246,9.116583,2.8151915,5.5111737,Standard,Annual,737.19696,6.2852874,0
361,37.33223,Male,21.875486,15.304542,1.2168581,5.2670913,Standard,Quarterly,836.60126,21.804949,0
362,41.162647,Male,23.300074,25.143648,1.3216844,10.080299,Standard,Quarterly,602.15265,13.16033,0
363,26.648222,Female,17.652212,7.687905,6.582881,15.581901,Standard,Quarterly,583.02936,7.471309,0
364,34.340664,Male,16.990961,18.633806,7.115829,15.373122,Standard,Quarterly,457.13507,15.669842,0
365,51.21373,Male,51.335175,17.941608,7.336772,2.5438895,Basic,Annual,682.3201,21.043753,0
366,33.833015,Male,22.154142,13.033594,2.3238442,22.728615,Basic,Quarterly,677.3894,25.231827,0
367,45.28906,Female,22.830387,21.75843,2.4622748,7.7547007,Standard,Quarterly,815.97455,5.9973083,0
368,52.480915,Male,42.02409,15.960476,7.4166727,2.8444524,Basic,Monthly,426.55713,23.85962,0
369,33.305386,Male,36.4063,11.70564,1.2937348,12.9463415,Standard,Quarterly,871.67334,8.766451,0
370,45.428387,Female,40.771687,22.71106,3.2561045,24.998816,Premium,Annual,651.622,9.041239,0
371,40.51091,Male,16.47403,19.615301,3.1597986,14.79719,Basic,Quarterly,321.12366,25.24159,0
372,42.71558,Male,37.999317,17.503496,2.512732,3.7365127,Premium,Annual,691.4994,11.876922,0
373,55.089443,Male,28.11457,11.036188,5.1119876,17.357817,Basic,Quarterly,449.22577,16.801222,0
374,45.022987,Male,25.594181,22.501032,4.0737534,11.832446,Standard,Annual,479.11545,8.619309,0
375,49.965553,Male,23.427965,14.0026245,8.462747,26.881435,Basic,Quarterly,821.83527,21.117123,0
376,33.344402,Male,19.747168,16.326134,4.0227475,23.067236,Standard,Quarterly,737.03326,11.847963,0
377,56.695328,Female,17.8689,24.320078,4.9665647,7.0341344,Standard,Annual,838.4712,8.470954,0
378,34.316677,Male,34.87482,20.788399,1.4024916,12.646799,Standard,Quarterly,719.18384,15.056925,0
379,47.564972,Male,32.192574,11.3242855,6.4944606,21.781593,Basic,Quarterly,860.43756,12.875838,0
380,29.141376,Male,37.089905,22.884293,0.9530351,15.174877,Standard,Quarterly,718.95886,21.369316,0
381,34.727192,Female,16.805656,19.86909,4.856972,13.6388035,Standard,Quarterly,751.869,5.321506,0
382,44.497242,Male,32.320724,16.602654,2.1681566,14.646083,Basic,Quarterly,493.08023,18.999098,0
383,30.467499,Male,10.123278,17.440704,8.113002,16.811098,Premium,Quarterly,523.36383,22.144768,0
384,26.45906,Male,31.113125,13.3944435,3.1545572,13.979465,Premium,Quarterly,594.90186,12.425162,0
385,26.75829,Female,16.128271,20.619291,1.2258906,7.275493,Standard,Quarterly,821.0336,6.264586,0
386,25.38135,Male,19.976786,21.162354,5.5487537,19.001326,Standard,Annual,721.06573,22.403498,0
387,48.27109,Male,40.298573,7.6303134,3.291448,12.823793,Basic,Quarterly,725.1279,9.421872,0
388,48.090538,Female,35.995934,6.9923654,8.877549,23.533295,Basic,Quarterly,819.93756,9.697336,0
389,28.122095,Male,38.24528,14.701139,4.656784,9.41497,Basic,Annual,741.25885,21.156998,0
390,41.37991,Male,48.92589,10.389173,1.1414361,8.855154,Premium,Quarterly,604.00024,9.7794485,0
391,31.899252,Male,34.00359,10.27221,2.6979883,7.022582,Basic,Annual,742.33185,20.35262,0
392,57.357723,Female,23.238922,13.574502,7.352349,27.623814,Basic,Quarterly,644.4093,13.74719,0
393,29.187712,Female,47.632023,27.3127,1.2063332,2.6546836,Standard,Annual,864.7784,5.4464593,0
394,41.027225,Female,41.86263,11.114513,1.5104499,5.2640877,Premium,Annual,631.4436,6.601856,0
395,41.170555,Male,33.31011,19.70333,1.0120752,14.742949,Standard,Quarterly,743.752,22.579939,0
396,40.412796,Female,18.881723,13.958277,2.407045,10.964854,Standard,Quarterly,662.9138,7.1114554,0
397,31.557165,Male,38.933475,9.262921,6.1865897,16.473543,Basic,Annual,774.2207,19.460165,0
398,36.315353,Male,41.711235,10.870315,1.3882017,5.6879125,Premium,Quarterly,711.69525,10.586058,0
399,31.57057,Male,21.96906,8.891938,1.3032503,15.183208,Standard,Quarterly,827.01306,15.583823,0
400,32.734905,Male,13.154266,11.792825,3.5537527,19.714308,Standard,Quarterly,803.86365,11.28028,0
401,30.310907,Male,20.67061,8.017709,1.2126801,4.3172364,Premium,Quarterly,674.77454,21.178064,0
402,44.45408,Male,28.699764,12.847056,6.7418137,5.3487277,Basic,Annual,593.3502,23.615633,0
403,36.158634,Male,31.491056,11.877722,6.9984345,11.524452,Basic,Annual,530.0145,25.232256,0
404,44.789078,Male,39.76769,17.50936,6.44845,10.568267,Basic,Annual,744.89325,23.523096,0
405,55.869564,Male,36.106693,11.373358,7.944123,13.37129,Basic,Quarterly,803.76117,11.390778,0
406,30.661541,Male,28.181276,14.838012,1.0804996,8.656576,Premium,Quarterly,708.5112,7.9563093,0
407,45.321095,Male,42.3599,22.445524,2.389379,24.963797,Basic,Monthly,253.8355,23.949837,0
408,36.58673,Male,48.37986,24.31019,1.8982875,16.995035,Standard,Annual,715.94745,13.309302,0
409,39.122765,Female,45.247105,22.347895,3.080683,8.799027,Standard,Quarterly,746.2728,5.0726466,0
410,49.991207,Female,28.17041,12.666323,7.090081,23.490274,Basic,Quarterly,293.82623,10.987488,0
411,33.860184,Male,20.080938,8.587094,6.2725954,8.662455,Basic,Annual,591.2029,22.68579,0
412,43.821663,Male,37.118034,9.019371,1.6076154,14.099851,Basic,Quarterly,654.4342,20.327465,0
413,24.630884,Female,19.053112,15.714117,7.720283,19.811901,Standard,Quarterly,579.5826,10.276241,0
414,26.303965,Female,16.60111,22.830885,0.8093598,10.158943,Standard,Quarterly,725.43634,5.2351985,0
415,31.21802,Female,27.39579,18.813803,2.2834606,13.942364,Standard,Annual,746.96436,7.007093,0
416,37.896503,Female,37.539597,21.672373,2.4228363,5.6179996,Standard,Annual,544.75604,6.5459285,0
417,36.899788,Male,50.345406,15.311976,4.115098,8.583564,Standard,Annual,703.119,8.888889,0
418,35.386356,Male,19.233912,20.267654,3.1537595,15.607606,Standard,Quarterly,613.4897,24.824333,0
419,49.74688,Male,48.222336,4.118901,1.7487665,8.873799,Basic,Quarterly,273.17688,22.222471,0
420,60.221825,Female,39.638012,20.536364,8.949111,25.414734,Basic,Monthly,612.171,13.825354,0
421,39.58799,Male,15.96075,13.616878,3.2221258,4.166332,Premium,Quarterly,643.38934,21.707079,0
422,46.622334,Female,48.95253,23.768831,5.9358044,8.498587,Standard,Annual,674.1628,5.653724,0
423,37.71949,Female,47.565193,6.2960086,8.149223,6.4450865,Basic,Annual,678.37494,5.984135,0
424,43.743923,Female,42.54787,13.272671,2.3311918,10.276635,Premium,Annual,693.16565,6.810782,0
425,30.94953,Male,41.44464,25.215233,6.382559,14.698947,Basic,Annual,480.37665,26.220823,0
426,52.65368,Male,25.143377,5.284781,7.45862,12.640295,Basic,Annual,705.426,20.642824,0
427,55.364986,Female,27.341501,22.90512,5.2128634,23.899157,Basic,Quarterly,251.70259,13.156387,0
428,34.97708,Male,22.764864,16.484156,3.7493489,10.838757,Basic,Quarterly,386.01843,19.399,0
429,45.924385,Male,45.289608,11.481106,3.6230078,13.045786,Basic,Quarterly,806.8817,13.612523,0
430,30.352812,Male,41.276703,15.454935,1.3760097,6.756593,Premium,Quarterly,694.46106,20.282923,0
431,43.090652,Male,30.413084,10.925209,3.5381472,5.2035823,Basic,Quarterly,308.2336,15.938998,0
432,47.565113,Female,46.738968,10.968849,2.1614857,7.321458,Basic,Annual,819.20764,7.0085325,0
433,55.975925,Female,14.133333,13.881812,7.203292,24.638338,Standard,Quarterly,794.7903,9.57159,0
434,35.133408,Female,31.372162,10.944785,1.2464697,14.785213,Premium,Quarterly,710.11145,7.974526,0
435,27.3807,Male,39.172394,14.761114,5.206462,19.76028,Basic,Annual,651.0687,18.32469,0
436,54.85442,Male,43.08889,10.213354,4.449736,14.886469,Basic,Annual,666.2129,25.64434,0
437,39.95308,Male,26.802254,23.280495,1.7609799,14.171536,Standard,Quarterly,504.70297,9.198084,0
438,46.903587,Male,12.970652,13.357991,2.588878,8.18556,Standard,Quarterly,736.67535,18.045668,0
439,35.18356,Male,25.594482,21.231133,4.229256,8.30693,Standard,Annual,811.6846,19.181421,0
440,33.47531,Male,23.060482,15.264398,1.494256,15.556252,Standard,Quarterly,730.90186,22.424646,0
441,29.535786,Female,43.819294,10.047809,2.0656517,7.7185426,Standard,Annual,775.094,6.9918118,0
442,33.299942,Male,30.32723,13.048581,1.3388042,11.458246,Standard,Quarterly,785.93396,16.144821,0
443,33.377537,Male,26.012701,18.47431,0.7980571,10.711299,Standard,Quarterly,714.4242,8.751729,0
444,37.328823,Male,9.852198,9.38114,6.779878,13.042938,Premium,Quarterly,667.45337,13.8335495,0
445,33.428085,Male,40.225708,18.202822,1.048495,14.46569,Premium,Quarterly,620.1922,16.09324,0
446,35.272717,Male,40.163326,14.139426,2.300043,8.718311,Basic,Quarterly,831.7033,21.231977,0
447,49.00175,Female,21.810608,5.9494987,5.903179,17.948828,Basic,Quarterly,293.40216,8.374711,0
448,28.819014,Male,27.347609,8.360921,6.4239745,23.264196,Premium,Quarterly,425.66635,16.220455,0
449,43.47539,Male,43.771996,9.944035,4.006881,16.680962,Basic,Quarterly,380.97925,16.21047,0
450,38.18734,Female,46.61142,14.919191,6.7221656,23.022493,Standard,Quarterly,303.69095,7.441916,0
451,39.007286,Female,17.13381,13.948383,6.552015,8.010709,Standard,Quarterly,750.8449,6.094911,0
452,41.661953,Female,38.405785,14.95447,2.802473,20.250813,Standard,Quarterly,768.58795,5.291427,0
453,56.11599,Male,34.44822,4.9724813,3.4886518,25.209183,Basic,Quarterly,824.6039,25.373367,0
454,39.91036,Male,18.544504,7.023621,8.992495,18.68253,Basic,Quarterly,316.16797,22.698309,0
455,28.697351,Male,30.140722,19.353186,0.6704204,14.73553,Standard,Quarterly,793.2907,8.318122,0
456,33.350662,Male,28.708694,15.105405,1.2180591,6.4886317,Standard,Quarterly,854.8681,7.756544,0
457,30.787916,Male,30.39189,9.099449,2.2826245,8.427286,Basic,Quarterly,550.61273,21.768593,0
458,56.23286,Female,25.677954,9.931001,7.7708397,13.223311,Basic,Quarterly,426.82358,5.397383,0
459,41.167427,Male,15.820533,24.507006,5.874382,5.471563,Standard,Annual,550.5966,20.494175,0
460,34.517784,Male,33.811527,15.332399,2.70406,13.495282,Premium,Quarterly,419.2095,10.181028,0
461,37.354683,Female,30.198713,20.844215,1.73941,11.803041,Standard,Annual,764.28375,6.5897236,0
462,42.328197,Male,46.33034,7.7402825,2.4052389,10.0609255,Basic,Quarterly,690.41724,15.278118,0
463,49.95425,Male,38.43892,5.787027,7.52578,6.2002845,Basic,Monthly,280.838,25.00512,0
464,36.192577,Male,44.623642,15.4742155,1.4720013,9.29174,Basic,Quarterly,804.4782,19.490532,0
465,52.069904,Male,48.002216,9.13127,4.372739,15.306511,Basic,Annual,757.0855,21.766977,0
466,38.95225,Female,16.890162,8.220886,3.5226905,15.404529,Standard,Quarterly,893.73126,6.6816907,0
467,57.166843,Male,23.329866,9.873314,5.375159,20.526478,Basic,Quarterly,788.45795,19.812355,0
468,26.412605,Male,41.564465,16.555744,2.4086726,15.329819,Premium,Annual,570.1248,13.935601,0
469,37.164196,Male,41.371983,14.504077,1.9944673,7.4802265,Basic,Quarterly,478.504,14.506473,0
470,37.996952,Male,23.323568,16.789822,1.5038619,3.79116,Standard,Quarterly,783.2819,10.711516,0
471,30.403877,Male,41.55208,14.029102,4.61701,9.298354,Basic,Annual,571.41235,21.840824,0
472,26.844814,Female,17.03421,15.834202,2.4647067,17.196854,Standard,Quarterly,313.92285,7.875985,0
473,43.76791,Female,44.819263,17.743515,1.946604,7.5904675,Standard,Quarterly,698.7581,5.7827516,0
474,38.729904,Female,29.30709,24.623856,1.795454,10.208349,Standard,Annual,762.6993,6.4209085,0
475,37.571304,Female,47.510456,19.105171,3.429305,12.634523,Standard,Annual,534.92474,7.1861935,0
476,43.8463,Male,34.436264,23.738394,3.1732862,17.091467,Standard,Annual,731.11194,15.183594,0
477,40.77607,Male,15.051294,20.745716,4.71576,11.751871,Standard,Quarterly,807.64154,13.2894745,0
478,50.459335,Male,48.63267,16.140013,1.2058103,9.16561,Basic,Quarterly,418.78146,16.763016,0
479,48.918095,Male,34.65428,7.5697417,2.2070308,12.48523,Basic,Quarterly,360.76144,13.75441,0
480,42.302418,Male,32.858536,5.345348,3.6400251,6.496535,Basic,Annual,578.5561,15.260718,0
481,45.9308,Male,27.713816,16.132696,1.7653902,7.8141127,Standard,Quarterly,753.97034,16.314583,0
482,27.13791,Male,39.046898,15.628731,0.8709905,11.110733,Basic,Quarterly,719.7542,23.382896,0
483,35.538837,Male,11.389011,13.029405,2.1425066,8.522958,Standard,Quarterly,665.82465,13.324236,0
484,34.079582,Male,37.820797,5.099775,3.9216988,10.476706,Basic,Annual,416.02823,8.775131,0
485,32.98575,Male,23.137999,15.416157,1.1072168,14.9351425,Standard,Quarterly,724.5607,8.011173,0
486,40.943943,Male,23.828447,13.733001,8.664266,10.287062,Basic,Quarterly,405.12112,13.569278,0
487,56.024296,Female,31.215149,14.240601,1.7768103,21.698841,Premium,Quarterly,607.02,8.598717,0
488,42.81501,Male,47.849247,7.518191,1.7652608,5.679851,Standard,Annual,808.97736,10.539143,0
489,36.077713,Male,15.536049,11.4991865,1.163624,4.0599265,Standard,Quarterly,811.2146,17.05374,0
490,37.23433,Male,21.945885,15.257836,2.1863613,7.0789876,Premium,Quarterly,440.49387,14.111702,0
491,30.752115,Male,26.649975,24.68352,4.545013,19.80301,Standard,Annual,251.37193,18.006472,0
492,46.481842,Male,40.112926,24.94217,2.081596,13.148003,Standard,Annual,801.86383,18.24679,0
493,54.176857,Male,32.693466,23.51727,2.3260381,18.8485,Basic,Quarterly,747.4423,19.82389,0
494,34.864742,Male,14.463848,14.829065,2.9003193,18.745344,Standard,Quarterly,488.14667,22.095778,0
495,50.832447,Male,28.595953,11.048979,1.7467577,7.9143124,Basic,Quarterly,725.79706,15.488269,0
496,53.042114,Male,38.50518,7.336148,8.042587,17.752047,Basic,Quarterly,529.35876,13.871255,0
497,51.359344,Male,40.45975,6.020661,5.1485415,12.358455,Basic,Annual,827.5967,11.474127,0
498,40.911705,Male,43.770397,17.417881,1.5984411,6.620731,Basic,Annual,656.1063,18.354685,0
499,48.20633,Male,45.891945,10.92129,3.4042454,5.70502,Basic,Annual,753.1794,19.965878,0
500,32.665497,Male,11.120235,23.972847,1.5046251,11.289277,Standard,Quarterly,760.1256,10.53689,0
501,37.515434,Female,30.973276,17.763805,1.9512436,15.364379,Standard,Quarterly,802.0683,6.2555175,0
502,33.6732,Male,40.481426,21.737663,1.2934678,15.360342,Standard,Annual,669.664,11.110231,0
503,44.10947,Male,18.34819,16.488523,1.224298,12.469786,Premium,Quarterly,676.0947,8.348295,0
504,35.101334,Male,24.800611,24.249836,1.6314539,12.583879,Standard,Quarterly,681.73975,18.691143,0
505,38.770233,Female,13.8407,8.290315,3.8554122,18.70682,Standard,Quarterly,701.1685,7.815586,0
506,38.801342,Male,11.089338,12.640706,4.423911,16.805285,Standard,Quarterly,748.0284,10.767028,0
507,28.756334,Male,28.640503,28.7853,5.7537007,10.678457,Basic,Annual,277.8223,23.53647,0
508,36.480286,Male,20.729967,6.671349,1.4248278,20.762205,Premium,Quarterly,760.25964,16.369751,0
509,31.292303,Male,44.381035,24.66287,2.178854,14.416376,Basic,Annual,549.96106,20.593357,0
510,28.645203,Female,26.417465,7.334932,5.544278,12.138497,Standard,Quarterly,467.27332,5.035238,0
511,29.648722,Male,27.209496,16.89495,1.1200476,15.280124,Standard,Quarterly,715.6608,17.775986,0
512,35.83825,Male,40.47575,15.857209,1.7971998,11.166275,Basic,Quarterly,718.2478,17.811829,0
513,27.713694,Male,34.85486,12.050034,1.3145909,8.250519,Standard,Quarterly,849.82794,8.778966,0
514,30.642756,Male,19.597383,9.399958,0.87373424,8.88345,Standard,Quarterly,749.4502,11.146079,0
515,38.061745,Male,13.549673,24.02056,4.80431,22.674295,Standard,Quarterly,376.6226,16.811596,0
516,43.217007,Female,43.621815,11.414546,1.900689,13.630171,Standard,Quarterly,811.65625,6.4107575,0
517,35.711636,Male,18.044977,24.718882,1.5211082,6.889271,Standard,Quarterly,814.7901,16.874369,0
518,26.862707,Male,42.403126,24.670286,4.39264,18.76014,Standard,Annual,464.9476,9.871583,0
519,37.815308,Male,46.094955,7.7039905,8.855259,15.355643,Basic,Annual,699.26294,15.015801,0
520,39.14968,Male,25.310246,16.608034,2.448765,8.95736,Standard,Quarterly,847.2377,15.325391,0
521,37.284855,Male,31.590563,8.806904,1.1482913,12.077959,Basic,Quarterly,794.0317,26.353432,0
522,30.222828,Male,14.947136,25.469704,2.3954184,4.4457974,Standard,Annual,766.20557,19.676937,0
523,27.22032,Female,53.06586,12.958606,6.4218307,22.389225,Standard,Annual,700.3608,5.9397807,0
524,53.651978,Female,15.793644,14.108729,8.358371,4.4503484,Basic,Quarterly,639.8408,8.018024,0
525,55.889427,Female,40.400177,21.468544,6.275603,27.639507,Basic,Monthly,551.6045,5.73933,0
526,44.477146,Male,17.552734,24.834867,1.9017016,11.486033,Standard,Quarterly,686.67053,9.819281,0
527,28.681412,Male,44.982227,24.949738,2.358937,13.047262,Standard,Annual,612.78,10.956631,0
528,36.927025,Male,41.968582,22.503897,2.692546,10.248052,Standard,Annual,717.8367,14.358322,0
529,34.44319,Female,32.478497,16.847824,3.9232492,19.453936,Standard,Quarterly,414.16846,6.198832,0
530,27.825153,Male,43.124794,10.995213,0.5721257,14.177815,Premium,Quarterly,765.9306,8.64794,0
531,47.94852,Male,27.49418,22.410156,3.7476544,12.834256,Basic,Annual,570.53455,14.376076,0
532,50.394234,Male,22.49923,18.660988,2.9785795,8.064591,Basic,Quarterly,753.3413,20.851292,0
533,37.160477,Male,29.573683,14.487326,5.3226614,17.772558,Basic,Annual,611.16034,24.975246,0
534,32.808067,Male,25.00214,24.67179,1.2616053,10.502591,Standard,Quarterly,652.18207,14.51061,0
535,33.610275,Male,32.54449,11.058484,6.052168,8.584009,Basic,Annual,302.47192,22.905306,0
536,33.087265,Female,34.833084,12.484641,1.0493519,5.9805164,Premium,Quarterly,705.2575,6.650435,0
537,45.70756,Male,40.67712,24.033157,6.867103,23.408537,Basic,Annual,821.8277,19.300772,0
538,36.02349,Male,42.190865,13.321669,1.1998351,4.699352,Premium,Quarterly,698.0006,20.34277,0
539,27.37635,Female,21.182705,16.405987,5.967923,22.524595,Standard,Quarterly,232.59001,8.631822,0
540,33.18414,Male,41.044186,8.414581,1.4809761,9.572493,Standard,Quarterly,870.35046,12.508255,0
541,31.370234,Male,19.815022,15.362843,1.277921,16.66069,Standard,Quarterly,834.96375,8.695628,0
542,55.618748,Male,16.977398,15.149977,2.112276,9.4469595,Basic,Quarterly,337.49,18.840109,0
543,35.26813,Male,49.71049,22.768265,1.3274632,8.066791,Standard,Annual,718.0809,12.147729,0
544,37.406006,Male,34.556374,16.73584,6.927682,18.629032,Basic,Quarterly,323.55603,12.113356,0
545,45.558987,Male,11.779095,23.173069,4.935594,21.566586,Standard,Quarterly,753.94684,18.893011,0
546,31.736492,Male,15.331362,29.213827,0.9659884,10.819009,Standard,Quarterly,720.59186,11.599707,0
547,38.585022,Male,24.093744,9.663286,3.628703,19.313063,Standard,Quarterly,868.5207,8.559055,0
548,35.48748,Male,32.31954,9.575916,5.6405954,25.011932,Basic,Quarterly,603.9636,20.090872,0
549,25.950167,Male,29.960285,20.828419,0.7418647,18.25565,Premium,Quarterly,649.94415,9.238845,0
550,26.371742,Male,40.30202,25.704298,3.4414055,6.1100955,Standard,Annual,513.40314,13.880797,0
551,34.418297,Male,43.177067,16.84506,1.1635313,16.926437,Standard,Quarterly,770.0448,9.513017,0
552,52.717525,Male,18.663486,18.7221,1.3623924,13.401621,Basic,Quarterly,293.356,22.212904,0
553,32.019226,Female,25.480991,6.084329,3.1079516,24.933582,Premium,Quarterly,416.09705,10.458602,0
554,51.746723,Female,30.443998,27.499153,4.72838,8.215738,Standard,Annual,766.97565,5.2055793,0
555,37.379566,Male,14.330801,8.251784,1.2278321,9.493273,Premium,Quarterly,711.98486,21.778656,0
556,34.497574,Male,50.515747,21.605072,1.474726,7.6207175,Standard,Annual,688.0511,14.004833,0
557,31.899233,Male,28.440416,14.169883,0.8696594,9.764648,Standard,Quarterly,788.2309,13.121615,0
558,52.39873,Male,29.507175,17.377386,2.134063,22.13139,Premium,Quarterly,814.8319,10.776498,0
559,58.225864,Female,25.224358,21.535702,8.44169,21.1436,Basic,Quarterly,406.984,11.371984,0
560,36.354073,Male,26.909672,23.842852,1.4232941,5.8040624,Standard,Annual,701.46356,7.967752,0
561,46.92607,Male,31.812109,18.449453,6.300392,18.061377,Basic,Quarterly,326.57886,19.74609,0
562,46.722847,Male,20.570818,15.826527,2.5169368,8.304394,Basic,Quarterly,716.11456,20.637062,0
563,41.658592,Male,15.77791,12.39686,2.7103546,3.1792655,Premium,Quarterly,524.15674,20.520649,0
564,53.371716,Male,18.533113,15.483045,6.549742,7.449986,Basic,Quarterly,757.7671,18.401495,0
565,51.663822,Male,57.775124,19.748503,3.5649326,14.185014,Basic,Annual,434.62274,20.715384,0
566,49.424305,Female,36.93218,17.679314,3.1853807,7.4503407,Basic,Quarterly,732.2694,5.965755,0
567,53.397903,Male,40.206364,13.847433,3.9164822,22.830149,Basic,Quarterly,528.3284,22.509977,0
568,30.883585,Female,44.30801,22.204174,1.9708141,9.907443,Standard,Annual,623.09467,6.1840177,0
569,32.92877,Male,27.530277,21.150509,1.2229376,9.322467,Standard,Quarterly,814.91833,14.870726,0
570,46.884037,Female,23.018728,9.205255,6.8392534,6.304794,Basic,Quarterly,329.75372,7.3219886,0
571,36.762127,Female,16.47012,18.114576,1.6061678,3.355331,Standard,Annual,909.00885,6.4784636,0
572,38.567825,Male,22.893919,22.979261,1.8761853,4.999695,Standard,Annual,686.12085,15.621021,0
573,35.890137,Male,18.598917,20.019804,6.853151,10.298734,Basic,Annual,768.4317,25.032093,0
574,43.705776,Male,19.201735,19.838821,9.045795,25.895079,Basic,Monthly,431.1561,21.731825,0
575,37.423534,Male,44.575462,7.804913,3.6228142,4.272245,Basic,Annual,519.29395,21.817772,0
576,27.655638,Male,24.853718,7.2047887,1.8679266,15.146289,Premium,Quarterly,618.5289,17.710567,0
577,46.526016,Male,42.916565,11.263454,1.8844545,13.434729,Basic,Quarterly,479.1677,9.277745,0
578,37.108135,Male,19.17651,7.5619617,2.2143586,10.586843,Basic,Quarterly,517.4932,22.75008,0
579,33.06471,Male,44.412113,23.79243,2.7325397,7.554678,Standard,Annual,599.6855,10.868986,0
580,49.191578,Male,26.869839,6.7669873,7.3979826,23.1257,Basic,Quarterly,575.30176,22.899977,0
581,45.540134,Female,41.087555,6.8726697,4.548333,14.280653,Basic,Annual,706.7749,8.656751,0
582,25.662333,Female,41.837154,6.8569064,1.013206,14.731506,Standard,Quarterly,706.5394,6.001353,0
583,29.708176,Male,15.127857,7.3149486,2.150454,10.908187,Standard,Quarterly,710.96594,15.321461,0
584,30.88536,Male,23.230062,24.882074,4.59079,11.469649,Standard,Annual,670.559,18.504866,0
585,39.23333,Male,11.460907,8.543314,7.2060866,23.227875,Standard,Quarterly,730.82794,11.65604,0
586,59.43035,Male,21.730051,21.46889,6.2502866,15.009778,Basic,Monthly,256.87433,24.477224,0
587,53.26177,Female,29.52856,14.617545,7.707709,5.0661316,Basic,Annual,557.98975,11.164895,0
588,56.119762,Male,30.536463,15.335404,4.876496,19.688726,Basic,Quarterly,716.0594,9.350886,0
589,30.766401,Female,26.977077,16.044956,1.9852128,12.172187,Standard,Quarterly,478.9505,7.591894,0
590,26.85882,Male,23.252735,13.93827,1.0392888,14.041686,Premium,Quarterly,704.99744,12.142969,0
591,41.794975,Male,22.95428,18.530312,6.5862546,7.081885,Standard,Annual,749.4471,8.871472,0
592,28.268278,Female,24.842821,25.945915,1.0362844,11.968605,Standard,Annual,768.1145,5.8472,0
593,39.8092,Female,34.09055,22.167118,7.528367,21.010454,Standard,Annual,387.23108,8.777422,0
594,36.473347,Male,23.202625,15.613238,1.3905914,11.09855,Standard,Quarterly,796.18976,15.709645,0
595,26.006327,Male,34.453823,17.264677,7.7078834,7.172012,Basic,Annual,473.71365,24.972097,0
596,50.256157,Male,18.192642,22.53564,2.9341176,5.637007,Basic,Annual,605.9271,22.327635,0
597,36.256046,Female,47.115005,25.66958,1.5601039,10.4419985,Standard,Annual,781.60803,5.3371243,0
598,54.540977,Male,18.023909,7.110621,2.64262,22.708406,Premium,Quarterly,686.4156,12.212118,0
599,29.416939,Male,29.351229,10.398241,0.931988,14.53538,Premium,Quarterly,760.9802,21.5754,0
600,46.28568,Female,23.694788,15.567783,1.7686989,18.437347,Standard,Quarterly,628.591,5.8619046,0
601,29.876173,Male,12.546162,21.564999,1.4387553,5.213666,Standard,Quarterly,685.6791,18.389563,0
602,42.674126,Female,41.628166,7.8213587,1.5828078,10.408949,Standard,Quarterly,805.53174,6.4928794,0
603,34.900497,Female,41.797546,3.902942,5.6375885,20.361876,Premium,Annual,451.55646,7.96263,0
604,31.249956,Female,43.343018,10.830247,3.450021,19.619053,Premium,Quarterly,636.19824,6.0903764,0
605,32.00699,Male,46.910534,12.852231,1.6038427,15.11916,Basic,Quarterly,598.50714,27.10311,0
606,42.565987,Male,43.040558,8.351193,2.214643,17.992462,Basic,Quarterly,578.56146,17.44033,0
607,48.280716,Male,16.406477,15.418882,1.6918477,8.629908,Premium,Quarterly,723.50287,10.168255,0
608,38.988586,Female,51.15791,16.57946,1.8660376,15.799837,Standard,Annual,747.8845,7.554511,0
609,26.125998,Female,48.04974,8.364212,7.208919,23.28541,Premium,Annual,543.75757,9.702955,0
610,46.71727,Female,31.314486,17.13341,2.8446312,15.928879,Standard,Quarterly,773.9268,7.60842,0
611,38.303905,Male,20.13641,7.9113584,0.93339515,14.583174,Standard,Quarterly,892.82263,24.35026,0
612,38.890385,Female,32.914364,7.296389,3.1651492,12.36104,Standard,Quarterly,873.69556,5.6161437,0
613,37.646496,Male,18.04185,21.720726,0.91386795,11.507488,Standard,Quarterly,784.29224,20.684227,0
614,44.893593,Male,36.988655,4.945269,2.1160848,21.687902,Standard,Quarterly,874.4363,12.123043,0
615,37.793835,Male,43.41554,10.252545,7.498633,11.153717,Basic,Annual,290.17432,20.550886,0
616,27.060171,Male,18.262938,21.860846,3.0802815,18.836613,Standard,Annual,586.69025,18.975178,0
617,44.530983,Male,35.688583,13.765448,1.6789709,9.964658,Basic,Quarterly,720.59784,18.868748,0
618,52.338207,Female,39.749107,20.618134,5.211782,6.189287,Basic,Annual,489.2691,7.6920652,0
619,43.120422,Male,20.601585,7.791816,4.371456,12.792155,Basic,Quarterly,348.40372,18.076544,0
620,46.57244,Male,22.896534,23.777462,1.750363,15.644228,Standard,Quarterly,770.25446,8.260465,0
621,31.662544,Male,23.83314,13.500481,0.7296996,13.974807,Premium,Quarterly,745.6023,8.0310545,0
622,28.97858,Female,34.387993,10.646276,1.7872006,7.5552235,Premium,Quarterly,563.83276,8.88594,0
623,36.056442,Male,22.957966,24.601177,1.2175298,10.631734,Standard,Quarterly,786.0229,9.882747,0
624,45.565765,Male,34.611088,20.208988,5.025317,6.0573936,Standard,Annual,716.2088,12.278136,0
625,34.24633,Male,8.961102,14.822399,1.6558602,9.761605,Premium,Quarterly,764.5565,18.47453,0
626,31.797325,Female,18.241808,8.188544,1.8946483,11.956979,Standard,Quarterly,626.4125,5.932388,0
627,31.748852,Female,20.949526,22.31635,2.0317893,15.664352,Standard,Quarterly,786.1099,5.7152658,0
628,42.76878,Male,28.9038,10.205961,5.6704636,15.677932,Standard,Quarterly,774.25,13.997794,0
629,52.075367,Female,40.40676,23.821434,2.5398245,6.630606,Basic,Annual,340.7301,8.027765,0
630,38.8553,Male,41.99235,7.387097,5.224447,17.215153,Basic,Annual,337.59552,20.866251,0
631,40.25516,Male,21.21678,19.853107,2.4051657,7.2214785,Standard,Quarterly,835.00934,10.795832,0
632,36.796112,Female,20.545357,23.319727,1.3593853,13.686771,Standard,Quarterly,647.25775,6.318435,0
633,30.32572,Male,21.095562,22.295763,5.945532,5.6759787,Standard,Annual,749.07263,14.757691,0
634,52.445385,Male,15.145498,12.762808,5.1699657,4.15844,Basic,Quarterly,261.9085,18.885368,0
635,38.95327,Female,47.239395,21.89104,2.778686,14.272512,Standard,Annual,566.2241,7.514266,0
636,53.813034,Female,50.35691,6.7084937,4.8491178,17.757105,Basic,Quarterly,659.3207,6.7280645,0
637,43.83797,Male,42.15478,22.85497,1.5963366,18.91226,Basic,Quarterly,760.0461,23.844166,0
638,46.06791,Female,15.117464,17.299496,5.843502,19.366978,Standard,Quarterly,665.1076,7.780421,0
639,27.681026,Female,37.628696,10.975228,7.2622933,2.0748076,Basic,Monthly,295.813,23.632055,0
640,53.301613,Male,23.115326,19.992691,7.2087426,9.888416,Basic,Annual,447.03964,23.342436,0
641,39.582584,Male,43.35572,13.9711485,1.4989486,12.3588,Standard,Quarterly,798.2658,13.6265335,0
642,37.68795,Male,41.43087,18.017962,5.3599653,23.112452,Standard,Annual,761.57916,13.689663,0
643,32.11542,Male,25.341898,18.169369,1.2092419,5.9297853,Basic,Quarterly,481.3672,20.17296,0
644,49.2485,Male,50.016827,15.755526,2.397585,10.6265,Basic,Quarterly,493.184,24.024006,0
645,32.461098,Male,25.189453,9.207544,1.5888791,12.18701,Standard,Quarterly,719.68164,21.64815,0
646,36.74464,Male,24.220913,21.449884,5.725708,9.442838,Standard,Annual,321.02023,8.671207,0
647,31.083761,Male,49.027298,8.71881,2.0834262,15.744226,Premium,Quarterly,718.8916,14.759957,0
648,49.30928,Male,34.713673,12.743251,2.806427,18.606367,Basic,Quarterly,298.93896,23.121042,0
649,36.721153,Male,17.588213,17.368845,1.4849851,5.2206593,Standard,Quarterly,823.2178,14.909809,0
650,40.75243,Female,22.98159,15.6950035,1.2112176,11.252408,Standard,Quarterly,804.82416,6.0440907,0
651,44.310455,Male,18.68047,12.178049,5.5072036,7.6607566,Basic,Quarterly,399.9002,20.248909,0
652,28.83751,Female,36.56749,26.667467,4.157782,2.7876105,Standard,Annual,539.04504,8.121514,0
653,39.29256,Female,45.44807,11.779608,2.2335951,9.609359,Basic,Quarterly,615.2023,5.815805,0
654,41.056488,Male,27.101051,8.187577,1.8614423,8.155266,Premium,Quarterly,715.1872,19.181952,0
655,45.52408,Male,18.975096,11.917022,2.072726,12.568857,Premium,Quarterly,732.2327,8.871626,0
656,49.860256,Male,7.9306464,7.158685,2.3756065,18.455173,Premium,Quarterly,314.93842,14.975847,0
657,38.343132,Female,41.528667,24.192438,2.220718,7.995895,Standard,Annual,620.64325,5.5338826,0
658,39.317394,Male,38.540638,7.836913,1.7468584,19.826101,Premium,Quarterly,675.7685,10.901976,0
659,33.72843,Male,39.246574,24.441668,2.0717242,13.440638,Standard,Annual,605.3108,19.723833,0
660,28.11246,Male,16.560377,12.491853,1.3909996,10.81936,Standard,Quarterly,771.8945,20.566801,0
661,63.520466,Male,22.523565,9.249337,8.625579,5.088927,Basic,Monthly,621.8368,21.650328,0
662,44.643456,Male,30.731451,20.776382,5.264661,10.2502,Basic,Annual,621.8889,15.110844,0
663,26.11924,Male,47.085693,7.1867576,7.1179304,11.471993,Basic,Annual,717.7988,19.72991,0
664,51.457977,Male,34.279663,19.80117,7.5884566,22.650845,Basic,Annual,637.71606,26.117777,0
665,41.027042,Male,41.614506,13.3119545,2.8631377,5.0211287,Premium,Annual,723.6055,9.048654,0
666,44.01231,Male,51.52,13.704139,1.6513754,4.118115,Premium,Annual,792.1114,9.413859,0
667,38.883415,Male,23.550016,16.647274,2.6471746,8.088045,Standard,Quarterly,710.34955,9.316294,0
668,29.362782,Male,17.429268,15.369375,1.2993486,7.956895,Premium,Quarterly,701.95483,14.471526,0
669,27.309084,Male,33.47212,25.092943,5.6896105,14.779836,Standard,Annual,688.1434,13.090647,0
670,40.68128,Male,32.932674,24.58372,1.4799781,3.948504,Premium,Annual,698.4192,9.725994,0
671,37.44172,Male,41.452286,25.566929,1.535995,6.6037874,Standard,Annual,806.06934,8.733775,0
672,57.91437,Female,42.706207,12.706606,5.259386,10.150141,Basic,Monthly,345.12015,13.178469,0
673,34.444958,Male,19.967642,16.795195,1.3216214,3.9082484,Premium,Quarterly,747.73865,18.732824,0
674,30.385702,Male,37.631886,22.225256,1.8600682,20.724106,Premium,Annual,603.4892,16.953201,0
675,28.79943,Male,16.847895,6.130553,1.9963543,5.8873153,Premium,Quarterly,379.60675,18.714201,0
676,36.919563,Male,31.73581,21.664635,6.8464174,19.729708,Standard,Annual,794.6723,18.034264,0
677,25.73907,Female,15.274458,21.174723,1.0782073,8.248088,Standard,Quarterly,740.15265,7.4899006,0
678,53.78116,Male,42.687973,6.202865,5.714878,14.697134,Basic,Annual,505.40808,19.842716,0
679,48.748077,Male,38.187313,23.897882,4.409359,16.735903,Standard,Annual,731.79254,14.144231,0
680,46.7412,Female,38.11252,8.186402,1.9144919,8.427206,Basic,Quarterly,739.63855,5.9894223,0
681,40.005867,Female,31.970749,17.089794,2.0645943,7.5033436,Standard,Quarterly,700.1276,5.64607,0
682,51.319897,Female,46.861195,6.369408,8.786564,15.28015,Basic,Quarterly,727.65753,5.9025493,0
683,41.18955,Male,41.565598,9.258888,3.3586402,11.604027,Basic,Quarterly,429.02432,10.916992,0
684,32.9655,Male,24.86924,12.333185,7.849889,13.974787,Basic,Annual,805.77075,17.681858,0
685,34.188885,Female,28.542648,13.351934,1.7807392,15.018686,Standard,Quarterly,738.265,6.5575967,0
686,38.965424,Female,39.9596,11.240585,1.0943072,10.916072,Basic,Quarterly,722.33405,5.9760003,0
687,29.105513,Female,20.239454,8.8789215,1.7505972,8.720998,Standard,Quarterly,728.99115,6.6281543,0
688,28.616302,Male,45.16157,5.20472,3.6465003,23.950735,Basic,Annual,669.71985,22.96178,0
689,33.114754,Male,16.847029,9.301827,1.518327,8.802524,Premium,Quarterly,702.27545,12.195232,0
690,33.054672,Female,21.176298,8.020108,7.2134385,17.71458,Standard,Quarterly,239.99458,7.5390153,0
691,48.486214,Male,18.67965,18.014135,2.3233361,4.4795566,Premium,Quarterly,736.28876,14.970549,0
692,26.960024,Male,21.269205,10.784746,3.3463607,8.16786,Premium,Quarterly,584.595,17.945856,0
693,44.041462,Male,41.618294,17.116224,1.6646808,9.29019,Basic,Quarterly,682.452,21.586441,0
694,46.81852,Male,49.096527,12.869728,8.724039,24.741982,Basic,Monthly,670.6648,21.658747,0
695,42.003395,Female,33.894947,23.819757,1.6509815,4.9158835,Standard,Annual,828.5855,6.6118226,0
696,41.06945,Male,7.44984,21.321497,1.6025152,10.328539,Premium,Quarterly,771.0066,18.120518,0
697,52.4181,Male,20.605122,10.441055,4.8323226,4.7277226,Basic,Quarterly,656.8617,11.832154,0
698,40.77203,Female,46.73223,11.7884,5.1162367,23.944317,Premium,Quarterly,352.4674,7.400154,0
699,43.248394,Male,49.92967,8.156948,1.9737343,9.5798025,Basic,Quarterly,662.59534,18.516598,0
700,36.277122,Male,46.560455,9.247041,2.4686823,7.8115706,Basic,Annual,565.4104,11.404759,0
701,28.3355,Female,24.83806,6.3047137,1.2812774,10.916307,Standard,Quarterly,787.0069,5.995156,0
702,38.2259,Male,42.092533,21.955454,2.8919454,17.972307,Standard,Annual,711.4361,15.251229,0
703,40.2126,Male,45.88398,17.5565,3.560088,13.701841,Standard,Annual,809.74066,13.857084,0
704,42.173058,Male,44.291595,21.844883,1.5191593,12.792166,Standard,Annual,714.04266,7.82886,0
705,40.233723,Male,17.72605,15.469233,2.9306133,7.381756,Standard,Quarterly,747.3717,24.472849,0
706,42.960945,Female,31.46922,21.3913,1.943686,8.7536,Standard,Annual,757.3428,6.394281,0
707,51.75599,Male,33.070293,21.580406,5.954218,17.336763,Basic,Annual,707.5474,17.861036,0
708,35.58378,Male,19.75505,8.97736,1.4071555,7.6800747,Premium,Quarterly,716.6405,8.592664,0
709,54.26986,Male,30.896946,9.309379,8.561851,22.381628,Basic,Quarterly,574.8138,22.830814,0
710,56.0695,Male,22.150297,11.336891,8.654986,23.89567,Basic,Quarterly,677.9691,16.599873,0
711,47.26242,Male,15.280254,7.1997094,8.369188,12.899948,Basic,Quarterly,328.7544,22.139326,0
712,27.737534,Male,47.858093,8.762061,5.9906993,25.028173,Basic,Annual,621.7116,21.487745,0
713,54.99616,Male,43.768208,7.373545,4.5241346,5.94203,Basic,Annual,736.28925,19.009161,0
714,48.05955,Male,49.71587,24.60897,2.4742703,18.448008,Standard,Annual,711.5732,18.778664,0
715,33.91586,Male,51.133354,12.7166605,6.709295,20.645296,Premium,Annual,389.64328,15.879694,0
716,38.56181,Male,37.60051,19.274717,4.6970286,22.181595,Basic,Annual,799.4851,22.626762,0
717,39.71551,Male,42.133488,11.042126,1.4940085,10.881274,Basic,Quarterly,768.0229,21.61336,0
718,38.05902,Male,43.727318,11.238476,1.7238287,4.5840173,Premium,Annual,641.29364,14.031418,0
719,42.749393,Female,32.06429,20.21399,2.4706113,12.371365,Standard,Quarterly,486.606,7.560795,0
720,35.945927,Female,46.626266,7.0482984,7.916003,7.212149,Basic,Annual,423.94666,8.240575,0
721,38.109943,Male,46.54282,16.203865,1.5519559,8.523012,Basic,Quarterly,833.2279,22.80113,0
722,25.73846,Female,31.542414,24.051104,4.3133335,26.585613,Standard,Annual,662.70905,9.789941,0
723,52.29947,Female,49.84299,23.871317,7.7275968,17.163782,Basic,Annual,711.23486,8.155313,0
724,40.976845,Female,42.507374,6.838306,6.6368403,23.669706,Basic,Quarterly,306.8149,6.083531,0
725,40.5686,Male,42.92834,19.377123,2.1712637,12.40033,Basic,Quarterly,454.99567,20.199806,0
726,30.376139,Male,24.546532,19.809322,2.1022258,14.129692,Standard,Quarterly,450.6126,14.751554,0
727,30.57161,Female,14.817968,7.738087,1.9680065,18.594557,Standard,Quarterly,410.67395,7.91401,0
728,50.21119,Male,22.213737,21.977667,7.463083,11.937587,Basic,Annual,413.67667,24.09655,0
729,47.14343,Male,24.17819,18.051756,2.8706565,6.330605,Basic,Quarterly,733.4735,19.85801,0
730,47.016556,Male,36.115776,16.86804,1.4469829,18.12679,Premium,Quarterly,621.67206,9.115522,0
731,39.205044,Male,16.420908,9.495609,2.4196167,11.784243,Standard,Quarterly,704.47986,18.459784,0
732,41.769165,Female,41.544636,10.617362,4.667106,26.720875,Premium,Quarterly,294.26013,7.0969095,0
733,41.834644,Female,40.303596,7.0198445,1.8566879,9.494637,Premium,Annual,706.0615,6.6597223,0
734,32.166584,Male,28.70988,7.720505,1.6653268,9.394951,Basic,Quarterly,586.7403,21.239645,0
735,33.576004,Male,30.28311,21.319715,1.2820306,12.179692,Standard,Quarterly,823.51154,13.008738,0
736,29.300785,Female,19.467363,21.386703,2.72406,11.100032,Standard,Quarterly,408.9611,5.2977815,0
737,47.948296,Male,44.05078,12.699445,1.6398958,21.112906,Premium,Quarterly,701.74915,16.95287,0
738,35.868145,Male,22.723436,23.238451,2.0876217,17.07278,Standard,Quarterly,254.78893,15.049202,0
739,36.610874,Male,21.593893,9.227526,3.562601,15.014626,Premium,Quarterly,642.5026,20.513454,0
740,55.0789,Female,45.337006,23.789976,2.2347147,27.842236,Premium,Monthly,413.26178,8.01011,0
741,26.960114,Male,27.459333,20.271885,0.9480891,4.6910386,Standard,Quarterly,809.6342,15.58422,0
742,55.282314,Male,49.290436,5.3054843,6.0504255,13.309206,Basic,Annual,669.1352,25.392904,0
743,36.67538,Male,20.928627,6.1733146,7.946774,21.230583,Basic,Annual,594.54443,26.157904,0
744,53.896072,Male,17.608126,14.128288,2.5833347,12.456655,Basic,Quarterly,426.23288,16.405638,0
745,32.936806,Male,15.035231,20.76079,1.5960062,7.0429554,Standard,Quarterly,708.77216,9.198829,0
746,25.284664,Male,16.61795,24.013018,0.8368504,9.962175,Standard,Quarterly,764.87024,8.732793,0
747,45.35679,Male,43.487755,10.192776,5.7732825,11.110628,Basic,Quarterly,606.47565,11.532074,0
748,42.700153,Male,50.74257,10.723173,1.327167,6.8874135,Basic,Quarterly,793.10004,18.087334,0
749,29.002266,Male,39.803684,14.079462,1.2784939,10.903382,Standard,Quarterly,791.81055,13.867156,0
750,34.43364,Male,27.561165,16.937151,1.5990448,16.41476,Standard,Quarterly,784.1779,10.889294,0
751,47.87701,Male,10.97876,13.509037,3.8574224,10.581014,Premium,Quarterly,468.72122,12.627324,0
752,31.818748,Male,23.496878,11.7164135,2.0340436,8.658704,Basic,Quarterly,778.1748,24.854414,0
753,41.75562,Female,31.17374,26.46376,2.6199374,9.156436,Standard,Annual,745.9103,5.474149,0
754,61.230145,Female,45.161217,8.843242,6.418282,23.631413,Basic,Monthly,512.33386,21.264692,0
755,31.003126,Male,19.958925,15.411897,1.7457807,5.7247796,Premium,Quarterly,632.6681,9.705889,0
756,33.244606,Male,37.513885,9.758839,1.2930055,6.6457725,Premium,Annual,752.6479,7.945199,0
757,38.51383,Male,36.405006,15.26955,1.5342019,14.564129,Premium,Quarterly,713.4622,16.514204,0
758,35.85219,Male,48.907898,8.486871,3.0658045,22.369005,Premium,Quarterly,688.4468,10.700008,0
759,50.041355,Male,41.858543,17.924448,1.9907658,22.783327,Premium,Quarterly,414.0031,9.06039,0
760,50.673412,Female,18.381363,18.714144,4.295375,5.3362055,Standard,Annual,786.38513,7.4429007,0
761,32.329636,Female,42.726635,12.250752,1.010431,5.057421,Premium,Annual,761.50073,7.5059304,0
762,41.34754,Male,17.925875,24.979912,1.3885722,9.087768,Standard,Quarterly,810.4718,19.706812,0
763,37.018074,Female,47.392025,17.21326,1.4310062,11.673121,Standard,Annual,737.8398,7.3694987,0
764,30.24691,Male,29.201454,9.9484625,0.79899216,13.234419,Standard,Quarterly,856.909,18.704023,0
765,43.55021,Male,13.327688,20.832901,7.8043537,15.940782,Standard,Quarterly,541.48285,21.382898,0
766,30.105673,Male,8.269306,19.241543,1.7311802,7.164362,Premium,Quarterly,716.62976,7.9955134,0
767,42.170963,Female,22.95043,20.92733,1.8042482,17.725334,Standard,Quarterly,715.66345,6.5938587,0
768,30.912403,Male,46.70795,9.598857,2.2222118,20.919346,Premium,Quarterly,358.02148,14.123479,0
769,36.776413,Male,29.00279,20.075666,2.017018,9.842153,Standard,Quarterly,537.2168,15.590062,0
770,47.458992,Female,20.078806,6.0433965,1.6299621,19.535143,Standard,Quarterly,788.9617,7.6098757,0
771,34.670002,Male,31.714855,8.684772,1.9985727,13.455149,Premium,Quarterly,585.4958,14.007734,0
772,30.253376,Male,32.77404,7.485205,1.3572569,11.291158,Basic,Quarterly,801.4032,25.948805,0
773,30.447584,Male,50.45098,19.34815,6.175657,13.124954,Standard,Annual,499.74582,11.861545,0
774,37.08378,Male,40.207024,14.070082,1.3660443,9.070453,Basic,Quarterly,751.1113,22.025854,0
775,40.19809,Male,24.517645,11.25891,2.2679992,12.80693,Premium,Quarterly,573.5634,16.59938,0
776,42.395824,Male,6.1638293,13.7889,3.864146,16.096783,Premium,Quarterly,645.6354,22.446259,0
777,54.835445,Male,30.06329,19.463812,8.565329,2.8761115,Basic,Annual,817.8668,26.113785,0
778,36.50695,Male,20.13359,9.92045,1.0795009,7.0282073,Basic,Quarterly,759.7967,25.0747,0
779,32.906685,Male,38.48183,25.769644,1.3947649,7.0543084,Standard,Annual,806.2403,18.170042,0
780,44.923836,Male,38.495815,15.457134,2.8758855,11.390258,Standard,Quarterly,794.11383,12.52804,0
781,45.517673,Male,40.65284,9.580005,8.435877,25.52668,Basic,Annual,802.58466,24.650848,0
782,35.418503,Male,30.904213,8.1030245,1.1550777,4.1478324,Premium,Annual,668.5973,15.72146,0
783,34.752773,Male,22.770462,18.110676,3.8145962,6.1190124,Basic,Annual,285.717,22.571346,0
784,29.412758,Female,47.911915,11.972762,1.9190781,7.7822943,Basic,Quarterly,499.7011,5.2667565,0
785,35.981922,Male,43.32079,23.906496,2.8199275,13.801048,Basic,Annual,438.01596,23.276546,0
786,38.412025,Male,27.688189,11.688532,1.668218,8.947708,Premium,Quarterly,750.85864,15.623254,0
787,36.846897,Male,35.75142,20.224909,1.5905311,6.2019153,Standard,Quarterly,794.5338,21.510767,0
788,29.693777,Male,31.512701,15.97088,7.528761,15.55833,Standard,Annual,817.19275,11.975495,0
789,38.460976,Male,39.457184,13.957935,7.6953564,21.068089,Basic,Annual,620.3874,19.09663,0
790,39.291588,Male,37.02507,11.743727,6.601781,5.5267935,Basic,Annual,592.05835,16.118496,0
791,24.453133,Female,11.656694,22.771841,5.770483,18.707945,Standard,Quarterly,287.5566,8.498816,0
792,40.110657,Male,41.424488,19.85389,1.1633654,8.905636,Standard,Annual,730.09247,7.7092915,0
793,46.80955,Male,21.913767,24.689209,2.531375,15.84338,Standard,Quarterly,526.5378,17.566082,0
794,38.80685,Male,23.452335,11.567062,1.3261354,8.670934,Premium,Quarterly,760.41364,11.523962,0
795,43.633472,Male,21.946198,21.04716,5.872071,8.1056595,Standard,Annual,689.89703,12.636851,0
796,41.334743,Female,19.216078,17.17165,2.408601,6.036818,Standard,Quarterly,750.95135,5.951282,0
797,50.15708,Male,44.748802,9.971704,3.2634244,21.14156,Basic,Quarterly,517.3604,26.32699,0
798,50.618412,Female,41.4094,20.284784,1.6267959,16.114418,Standard,Quarterly,762.204,8.39552,0
799,40.76286,Female,30.54022,8.100127,1.5941293,11.648221,Standard,Quarterly,788.0901,6.4098716,0
800,34.62316,Female,12.487833,25.72905,1.4375384,12.290053,Standard,Quarterly,685.1132,5.761719,0
801,36.72654,Male,25.255215,11.526543,0.8232794,9.687212,Premium,Quarterly,748.0111,14.300783,0
802,39.820114,Female,31.886719,23.70114,2.2493396,2.7229838,Standard,Annual,585.0181,7.6545305,0
803,49.506844,Female,42.245182,20.563334,0.26995394,27.630033,Premium,Quarterly,755.5279,9.990281,0
804,54.290466,Male,49.546097,10.006477,9.364432,10.659444,Basic,Monthly,462.5627,19.397667,0
805,26.968897,Male,24.527596,7.933163,1.9151313,22.49512,Premium,Quarterly,469.76984,10.716649,0
806,45.65574,Male,48.547363,22.416523,5.2064147,14.961169,Standard,Annual,728.5799,10.161854,0
807,35.178463,Male,43.663723,24.654701,1.5183692,6.3322597,Standard,Annual,829.1808,16.446226,0
808,39.469,Female,18.218477,7.1563077,1.698032,12.011791,Standard,Quarterly,731.52026,6.385776,0
809,40.328995,Male,46.30538,5.251065,5.8636003,18.221376,Standard,Annual,748.4787,8.371184,0
810,49.28897,Male,41.713615,8.728447,6.4054418,5.2903714,Basic,Monthly,311.65216,21.577143,0
811,35.953262,Male,48.801716,19.56103,0.8554456,20.577196,Standard,Quarterly,822.65845,14.732463,0
812,30.995667,Male,21.527496,11.952848,5.044392,17.858912,Standard,Quarterly,767.8265,10.432096,0
813,30.82896,Male,19.009312,12.670535,3.2067363,10.060986,Standard,Quarterly,714.13745,16.607029,0
814,55.6663,Male,12.760515,5.859633,5.312574,10.722943,Premium,Quarterly,632.4511,11.111831,0
815,38.045704,Female,16.47908,17.849773,2.1667433,4.6622205,Standard,Quarterly,595.2485,8.527471,0
816,31.39872,Female,15.464517,12.587536,2.1169121,17.858131,Standard,Quarterly,668.8731,7.356226,0
817,36.310627,Male,29.66705,14.485623,2.689932,16.21072,Basic,Quarterly,805.7502,25.457582,0
818,30.094929,Female,40.549423,15.195888,0.9207487,6.8167768,Standard,Annual,809.56866,7.0873513,0
819,40.66831,Male,15.117731,20.809835,5.421038,12.7356615,Standard,Quarterly,593.91534,11.603229,0
820,43.906544,Male,49.45101,11.816111,2.1315005,19.76031,Basic,Quarterly,327.11658,17.15905,0
821,37.79198,Male,40.0372,7.558329,7.2424326,13.0819845,Basic,Annual,817.3038,16.929535,0
822,28.43939,Male,34.103508,18.187517,7.901357,11.777512,Basic,Annual,283.34473,19.847853,0
823,34.86455,Male,31.052887,21.49331,1.7848734,6.7243614,Basic,Quarterly,310.5504,16.347183,0
824,35.0941,Male,48.640224,8.102801,8.07698,6.003466,Basic,Annual,823.2789,25.178196,0
825,31.163956,Male,47.75711,7.8227763,4.978764,20.672037,Basic,Annual,728.98157,22.28587,0
826,49.771137,Male,28.806868,10.633003,1.3981581,24.229567,Basic,Quarterly,592.598,21.973055,0
827,42.945118,Male,16.890923,10.254304,5.9406924,25.54743,Standard,Quarterly,814.1311,13.079487,0
828,47.6401,Female,47.605553,8.623678,5.893632,19.677061,Basic,Quarterly,743.1551,8.155643,0
829,36.734776,Male,27.829756,7.5941997,2.2729237,18.439379,Premium,Quarterly,659.73346,13.176537,0
830,48.159176,Female,45.502235,12.890438,4.2236905,6.508733,Basic,Annual,758.78766,7.447253,0
831,28.025108,Male,37.676174,13.826955,1.1994689,15.330871,Basic,Quarterly,699.88007,23.713085,0
832,33.189823,Male,47.813488,18.712822,8.022185,23.113714,Basic,Annual,699.74976,22.254904,0
833,53.938942,Female,36.905968,7.1486964,5.9541416,15.34553,Basic,Quarterly,426.71713,5.7525783,0
834,37.230255,Male,43.46614,15.675344,7.5967317,21.024601,Basic,Annual,429.85245,16.19937,0
835,35.512062,Male,23.34337,9.98066,6.4914103,8.486804,Basic,Quarterly,499.62357,10.875172,0
836,27.456772,Male,48.695194,14.810026,0.8407569,6.7740717,Premium,Annual,738.05884,13.209155,0
837,53.145386,Male,49.260033,8.806088,3.4896853,19.256063,Basic,Monthly,304.72595,19.055832,0
838,22.140303,Male,20.031588,19.726868,7.375198,7.358265,Standard,Annual,798.53784,10.981954,0
839,50.16758,Female,33.279396,10.915868,7.936455,5.5109463,Basic,Monthly,252.74828,25.138271,0
840,43.335186,Male,47.030163,26.673874,3.2407637,7.264984,Standard,Annual,816.3147,9.996537,0
841,47.301025,Male,35.716274,21.233055,1.6906344,15.864272,Premium,Quarterly,627.7742,16.588861,0
842,59.15521,Male,31.571524,15.74636,5.268357,20.781769,Basic,Monthly,230.46355,22.117847,0
843,47.49143,Male,17.915087,6.367623,3.2775173,8.888096,Basic,Quarterly,294.8062,16.787014,0
844,32.471287,Female,50.63237,11.506906,1.2100267,11.904837,Premium,Quarterly,669.58154,6.744867,0
845,43.558,Female,47.71997,19.681475,7.619029,20.475061,Basic,Quarterly,231.21013,6.692578,0
846,48.34155,Female,48.582565,21.605246,2.546052,12.017131,Standard,Annual,640.949,8.441864,0
847,43.602737,Male,18.089487,12.683735,1.5849946,9.036468,Premium,Quarterly,710.8372,10.804431,0
848,27.713112,Male,30.123953,21.590342,2.7372882,10.0725765,Standard,Annual,629.682,8.677461,0
849,47.74472,Female,32.6527,21.419909,7.278179,26.421715,Standard,Annual,828.8107,10.206451,0
850,32.029114,Male,39.524307,21.216797,1.1088848,9.124675,Standard,Annual,729.2835,11.197941,0
851,26.005499,Male,36.385273,24.853527,1.0251245,6.4332256,Standard,Annual,746.03644,10.37639,0
852,37.700146,Male,50.724556,7.257817,6.6802626,19.080622,Basic,Annual,704.18115,25.380096,0
853,33.14676,Female,15.50538,26.26438,1.6506888,2.289703,Standard,Quarterly,903.8838,4.749761,0
854,39.629963,Male,22.776546,20.780857,6.690606,6.686475,Standard,Annual,789.8883,12.681859,0
855,38.64358,Male,18.887531,12.740336,1.822379,8.358871,Standard,Quarterly,780.3037,8.816624,0
856,53.13641,Female,45.644745,23.761927,2.1627448,9.026658,Basic,Annual,515.1167,7.4716454,0
857,49.474472,Male,47.99813,22.533072,3.9415264,19.591675,Basic,Annual,620.8851,16.602434,0
858,54.99845,Male,38.525497,6.7926307,6.055746,17.485987,Basic,Quarterly,422.97592,20.931034,0
859,36.275997,Male,38.310444,22.768744,2.9256678,7.118216,Standard,Annual,849.65826,14.554069,0
860,54.093513,Male,26.093254,22.955494,7.0565057,20.446936,Basic,Quarterly,730.67535,8.908497,0
861,28.149635,Male,31.075209,19.773619,3.3869405,19.636227,Standard,Annual,793.39386,21.679575,0
862,35.68819,Male,30.082306,16.590418,1.653923,13.355021,Standard,Quarterly,792.9263,18.02654,0
863,42.25202,Female,16.520863,22.447487,5.2880173,10.158185,Standard,Annual,799.83,6.363192,0
864,32.7214,Male,26.890003,17.625187,2.7173707,13.817856,Basic,Annual,377.1681,28.079067,0
865,33.712414,Male,46.854877,6.568559,1.7964692,13.379449,Basic,Quarterly,413.24414,12.7956505,0
866,31.574305,Male,31.931988,19.155144,1.14099,8.741597,Standard,Quarterly,801.34106,11.523567,0
867,28.874285,Female,24.011917,23.137928,5.049583,23.326536,Standard,Annual,500.1523,11.786136,0
868,34.55233,Male,25.462873,12.698523,2.159491,22.885433,Premium,Quarterly,353.70407,9.117731,0
869,29.411009,Male,16.963001,14.185095,0.99042964,3.5391793,Premium,Quarterly,724.02264,15.094387,0
870,37.48698,Male,9.6500225,10.526983,8.982565,19.479328,Premium,Quarterly,626.19434,24.709827,0
871,43.846794,Male,21.965687,19.63736,1.4831781,17.174273,Premium,Quarterly,655.8879,8.691555,0
872,31.566593,Male,32.50726,21.271896,4.8963795,8.484448,Standard,Annual,729.7053,16.152182,0
873,47.600647,Male,11.162531,6.557236,1.8492372,16.33784,Standard,Quarterly,727.91125,21.370901,0
874,54.51992,Male,15.635746,8.527438,2.8650725,6.400741,Premium,Quarterly,716.6934,14.180206,0
875,22.873169,Female,49.787342,5.870522,0.3700604,4.546684,Standard,Quarterly,841.36725,4.8909287,0
876,46.346893,Female,35.81412,25.427893,1.9436142,10.547894,Standard,Quarterly,626.9818,4.9416966,0
877,33.617653,Female,18.763174,11.867674,1.5248523,5.3918962,Premium,Quarterly,750.55536,7.4238567,0
878,37.458652,Male,30.714731,16.527353,1.2250896,9.947598,Premium,Quarterly,664.46326,14.733188,0
879,27.141596,Female,18.01709,24.613146,1.2933717,12.925557,Standard,Quarterly,573.3674,7.8225265,0
880,38.236084,Female,23.807405,8.679127,1.2009978,6.862216,Standard,Quarterly,774.14386,6.2465253,0
881,30.550674,Male,37.428246,22.171501,1.0012827,10.73248,Standard,Annual,799.15515,8.571762,0
882,56.2631,Female,41.907803,14.52174,7.8957934,19.769012,Basic,Quarterly,570.13086,5.3533835,0
883,32.115,Male,22.051968,8.877859,0.8688359,9.40124,Standard,Quarterly,780.1981,14.181669,0
884,34.42142,Female,24.307322,19.651663,1.2636852,3.7813,Standard,Annual,739.3742,6.660287,0
885,35.474316,Female,28.413813,7.8183327,5.555061,14.532311,Standard,Annual,652.1639,7.236963,0
886,37.277145,Female,23.69288,10.407409,3.474276,15.342103,Standard,Quarterly,826.3205,7.979028,0
887,25.809414,Male,43.543606,11.423898,0.5535569,4.4808784,Standard,Quarterly,876.73254,15.004639,0
888,42.487396,Female,45.528824,18.814821,5.569627,3.8703752,Basic,Annual,328.2365,6.084827,0
889,26.170507,Female,14.426226,23.439434,7.058599,24.480282,Standard,Quarterly,399.63602,9.263517,0
890,38.984364,Female,28.512817,14.4308405,8.28976,21.551142,Premium,Quarterly,511.3197,6.905107,0
891,29.460756,Female,20.425724,6.767486,7.4934554,27.781927,Basic,Annual,597.8684,26.985699,0
892,38.3579,Male,27.757004,26.440388,2.9138718,16.112038,Standard,Annual,513.689,21.903097,0
893,31.52352,Female,22.305574,25.139778,1.1979942,5.202196,Standard,Annual,801.82404,5.8190265,0
894,39.877296,Male,25.883131,19.258291,2.137512,14.752323,Standard,Quarterly,618.4534,12.925213,0
895,29.046328,Male,48.031776,9.306215,0.91512346,15.369829,Premium,Quarterly,762.5016,11.192734,0
896,24.533146,Male,23.673378,12.676726,0.9714608,12.660075,Standard,Quarterly,805.4532,11.083091,0
897,42.304344,Female,17.816439,18.70608,4.6844153,6.2923565,Standard,Annual,501.4888,6.651661,0
898,36.30289,Female,36.62367,8.546106,1.4536507,5.6359134,Standard,Annual,782.8978,6.84968,0
899,33.85178,Female,24.955883,6.9808,2.9563122,8.8365965,Standard,Annual,640.72797,8.183743,0
900,37.90297,Female,44.539658,14.945362,6.0336165,20.61139,Basic,Quarterly,384.8394,8.967205,0
901,39.18779,Male,14.949314,10.847847,1.5653117,7.385523,Standard,Quarterly,839.6549,17.57734,0
902,43.307228,Male,26.932995,27.309223,1.4803967,5.338648,Standard,Annual,776.9622,20.387323,0
903,40.164497,Female,22.183949,23.72525,5.4272895,10.952222,Standard,Annual,761.59753,6.309337,0
904,27.819971,Male,20.021532,23.23665,0.77856684,10.670978,Standard,Quarterly,714.503,17.845097,0
905,50.492565,Male,18.05145,7.4465995,2.025117,7.4034853,Basic,Quarterly,619.6067,19.975452,0
906,45.512093,Male,43.352654,9.381144,2.5724032,4.4668117,Standard,Annual,860.005,8.245657,0
907,42.76678,Male,8.803761,20.512993,1.8817204,17.546488,Premium,Quarterly,718.4913,16.425753,0
908,47.607815,Male,30.703133,19.79507,1.7094696,11.89605,Standard,Quarterly,816.8852,15.81894,0
909,32.0322,Male,18.28264,10.965706,1.5631399,12.647732,Basic,Quarterly,637.3576,26.032896,0
910,44.87434,Female,46.12302,18.53014,1.676029,4.2160277,Standard,Annual,805.6374,6.900014,0
911,37.430344,Male,13.454992,20.018396,3.0758495,24.733076,Premium,Quarterly,587.0424,21.120838,0
912,49.58667,Male,9.042093,19.984205,5.8681374,10.271431,Premium,Quarterly,650.3365,14.345898,0
913,26.059832,Male,16.341978,16.01831,0.7434931,20.166975,Premium,Quarterly,344.79828,21.816128,0
914,48.77606,Male,37.12651,20.307646,4.966357,22.328184,Standard,Quarterly,615.8606,11.4548,0
915,34.055454,Female,40.497204,11.59227,3.079334,11.355277,Premium,Annual,705.3478,8.132674,0
916,53.715378,Male,31.9098,9.859742,2.4241152,16.38093,Basic,Quarterly,712.2188,13.128521,0
917,27.755379,Male,18.164103,20.65556,4.003115,15.182933,Standard,Quarterly,385.58246,8.592568,0
918,33.645077,Male,41.38917,13.106007,1.3003418,4.782294,Standard,Quarterly,831.9575,12.34752,0
919,37.321877,Male,26.523874,10.2018585,4.8288946,22.133293,Standard,Quarterly,739.6424,13.900111,0
920,31.884548,Male,26.328455,15.105646,0.8084991,14.595101,Premium,Quarterly,424.36996,16.692287,0
921,44.22122,Female,51.385403,8.842394,2.129934,12.647874,Premium,Annual,729.8424,6.7255483,0
922,28.095156,Female,41.837894,21.667578,1.0350232,10.376931,Standard,Annual,792.44745,5.8507857,0
923,55.326473,Female,52.85986,16.367863,5.159745,26.184137,Basic,Monthly,246.65993,12.173546,0
924,55.5731,Male,33.178474,9.273507,4.023222,23.168821,Basic,Quarterly,689.9231,25.63712,0
925,29.224333,Female,47.072235,18.390638,1.2627716,9.26176,Standard,Annual,801.4755,6.832215,0
926,30.261667,Male,40.53072,21.846134,1.7661831,13.739914,Standard,Annual,796.91504,16.316648,0
927,35.99666,Male,19.277975,18.706444,8.23901,15.529225,Basic,Quarterly,417.99396,18.774948,0
928,24.311617,Male,16.011314,8.148314,1.15024,6.9422197,Premium,Quarterly,700.5265,16.147976,0
929,34.064667,Male,41.79523,14.027172,1.8347212,15.273255,Basic,Quarterly,741.6644,25.176332,0
930,31.025642,Male,14.344318,5.254968,2.2060704,6.3106165,Standard,Quarterly,806.0971,11.035977,0
931,28.997307,Male,28.50736,20.730066,1.6056738,9.255196,Standard,Annual,607.5957,12.185569,0
932,32.548035,Female,34.10193,25.478884,1.3346226,14.507251,Standard,Annual,806.29724,6.076568,0
933,46.829685,Male,34.8437,24.785189,7.6627407,5.9229536,Basic,Annual,449.91943,16.761173,0
934,60.373672,Female,11.905489,17.251936,5.970482,17.599781,Standard,Quarterly,244.81184,10.630811,0
935,45.65759,Male,15.783643,12.5366335,3.0912945,8.658213,Standard,Quarterly,828.68414,8.817322,0
936,58.388718,Female,22.355371,23.320738,3.722844,12.364011,Basic,Monthly,218.62242,15.369511,0
937,41.822132,Male,18.313494,9.223514,2.612817,14.835278,Basic,Quarterly,571.92755,23.778158,0
938,28.310787,Female,34.806484,18.819283,1.7150943,10.076803,Standard,Annual,669.8561,8.337615,0
939,37.2929,Male,22.416983,22.126694,2.7449532,5.105687,Standard,Annual,614.6831,10.16525,0
940,41.095177,Male,10.413357,22.25297,1.3500121,11.498115,Premium,Quarterly,716.766,12.487355,0
941,45.785587,Male,30.998608,18.404383,5.642381,8.388179,Basic,Annual,563.26355,13.089585,0
942,35.617085,Female,32.78412,12.882549,1.3266115,11.608654,Standard,Quarterly,641.89935,6.3944383,0
943,29.700089,Female,41.185467,20.804707,3.4768908,7.304503,Basic,Annual,303.4128,8.513077,0
944,28.664375,Male,13.377571,7.325563,1.1944761,8.001381,Standard,Quarterly,784.6794,13.178955,0
945,35.46782,Female,14.745087,21.360064,1.7238477,6.67788,Standard,Quarterly,771.62244,6.4309554,0
946,45.08402,Male,31.531229,20.36451,4.593313,13.893695,Standard,Annual,507.62357,12.194348,0
947,34.737286,Male,49.221336,11.146075,3.5217226,13.564911,Basic,Annual,591.5013,25.138123,0
948,57.469185,Female,29.05351,17.628012,5.029008,3.852981,Basic,Monthly,263.57248,14.389031,0
949,29.197975,Male,48.86254,24.0208,3.0772998,18.693476,Standard,Annual,327.06323,18.452803,0
950,30.172485,Male,46.30256,9.413637,6.2584662,16.388847,Basic,Annual,664.0521,10.903295,0
951,46.98731,Female,26.588076,16.354471,1.7831494,7.2061095,Basic,Quarterly,362.07446,7.7554817,0
952,28.715996,Male,30.19246,9.339118,1.274723,8.676505,Standard,Quarterly,836.23694,13.768984,0
953,47.791775,Male,29.0327,20.987625,9.492975,18.231106,Basic,Annual,666.2993,24.917768,0
954,27.559507,Male,32.36233,12.461157,1.3343894,14.223591,Premium,Quarterly,732.0575,15.532531,0
955,51.56763,Male,49.403545,14.149835,3.0333662,17.672205,Basic,Quarterly,335.8195,23.027119,0
956,38.31499,Male,15.847737,23.75972,1.7207648,6.3058834,Standard,Quarterly,268.35037,8.788608,0
957,36.628708,Female,42.91209,5.73613,8.032427,23.082727,Standard,Annual,714.5222,8.417596,0
958,36.640076,Male,31.047623,10.180863,2.2796304,16.074696,Premium,Quarterly,570.263,12.004757,0
959,45.71402,Female,28.523584,22.68232,4.4702134,25.8527,Premium,Quarterly,441.98145,15.046826,0
960,29.2349,Male,47.240097,20.632038,7.5934415,7.5096507,Basic,Annual,648.1469,14.733271,0
961,37.847992,Male,44.043995,10.852274,7.3464255,23.85383,Basic,Annual,585.2134,21.655296,0
962,52.92434,Male,9.771685,14.687832,7.6937027,11.103334,Premium,Quarterly,429.76712,15.368193,0
963,46.75725,Male,24.192242,7.7655025,1.017427,16.228346,Premium,Quarterly,661.95825,19.781057,0
964,55.096275,Male,50.535507,20.10477,4.3425055,12.038968,Basic,Annual,467.69543,22.3698,0
965,33.9412,Male,29.189766,12.424857,0.98921776,14.80998,Premium,Quarterly,702.7169,14.282687,0
966,40.481773,Male,37.09623,9.184446,2.1467419,11.378264,Basic,Quarterly,565.5442,21.522537,0
967,37.302944,Male,14.484724,27.967138,7.9507346,16.567604,Standard,Annual,524.59546,13.4905,0
968,48.54405,Male,30.199545,10.723125,5.6731653,3.4985414,Basic,Annual,619.5874,15.416115,0
969,48.727177,Male,49.96876,21.797483,1.1039555,11.95378,Basic,Quarterly,504.15707,10.68212,0
970,28.958935,Male,23.516073,24.438189,1.9978343,25.87796,Standard,Annual,725.2641,16.844622,0
971,55.423016,Male,26.12999,24.641888,3.7735431,16.264317,Basic,Quarterly,493.81818,13.140414,0
972,49.91255,Male,29.5481,20.829731,3.7347128,13.905834,Basic,Annual,558.32605,21.847145,0
973,26.496084,Male,28.35596,19.698425,2.6067126,14.409286,Standard,Annual,537.5394,21.983746,0
974,29.744375,Female,19.367716,12.452846,1.2829404,3.910891,Premium,Quarterly,714.3629,6.4367204,0
975,29.732868,Male,21.149912,11.946841,3.4010432,11.20804,Premium,Quarterly,561.4125,13.6147995,0
976,32.849873,Male,45.9217,10.667151,1.616903,9.759644,Basic,Quarterly,751.2721,24.160963,0
977,39.378197,Male,50.370247,7.9653387,7.888622,7.7261825,Basic,Annual,490.24722,14.217493,0
978,39.475857,Male,26.097229,11.830778,1.8133988,12.009945,Standard,Quarterly,787.511,20.992739,0
979,36.2241,Female,46.19065,9.744848,1.0096331,14.32003,Standard,Quarterly,777.6849,6.5217977,0
980,37.461617,Male,20.133295,11.822025,5.032123,8.995376,Basic,Quarterly,667.2679,19.453844,0
981,36.150154,Male,36.930786,18.113472,1.1491442,17.140472,Premium,Quarterly,646.8062,20.596554,0
982,28.317068,Male,35.15269,6.789865,3.7588212,18.819555,Basic,Annual,536.518,22.002047,0
983,36.786053,Male,18.875654,7.2857747,3.3200872,13.3351145,Premium,Quarterly,600.8327,18.772974,0
984,44.066284,Male,45.976124,5.691113,5.0184603,8.222196,Basic,Annual,673.80005,26.489546,0
985,58.687824,Male,35.595196,19.93138,4.341787,11.987614,Basic,Monthly,250.04329,20.713188,0
986,41.487976,Male,18.572214,12.798268,8.912107,15.806166,Basic,Quarterly,210.3592,18.567776,0
987,34.902447,Male,53.731537,17.754335,2.0222335,18.601524,Standard,Quarterly,850.42664,12.881845,0
988,42.421017,Male,18.062012,11.19421,4.4094696,4.88388,Basic,Quarterly,250.43599,19.767206,0
989,50.24717,Male,25.240618,11.337277,1.6014922,11.160538,Basic,Quarterly,725.46313,18.42142,0
990,48.14035,Female,21.64654,17.69143,1.7333055,19.219767,Premium,Quarterly,389.56265,7.5489774,0
991,34.634068,Female,38.6307,20.360214,8.241925,7.0129795,Basic,Annual,534.0629,8.041697,0
992,37.93399,Male,23.396938,11.909473,2.519505,13.409383,Premium,Quarterly,634.7518,15.571824,0
993,38.131218,Male,31.45686,15.158703,0.9362259,14.201421,Standard,Quarterly,818.67615,9.537013,0
994,27.151548,Male,37.907436,7.475164,6.4685736,25.146063,Standard,Annual,812.89386,16.66944,0
995,42.931496,Male,35.572758,24.992088,3.0573015,10.671877,Basic,Annual,244.92271,16.66257,0
996,46.780598,Female,19.066528,24.316404,1.598978,13.167113,Standard,Quarterly,708.5481,6.3785806,0
997,33.50594,Male,27.68982,12.491498,1.8297439,13.26281,Basic,Quarterly,319.47302,21.911158,0
998,28.791449,Female,16.997887,15.936013,0.93209004,7.5159454,Standard,Quarterly,799.0054,6.97696,0
999,43.15733,Female,42.25813,7.334904,1.6945369,7.736686,Premium,Annual,714.81384,7.6977305,0
1000,32.53033,Male,32.62319,7.4881034,1.5856094,15.749959,Basic,Quarterly,758.206,27.21832,0
